STATION,STATION_NAME,DATE,PRCP,SNWD,SNOW,TMAX,TMIN,AWND
GHCND:USW00094728,NY CITY CENTRAL PARK NY US,7/1/13,0.84,0,0,77,72,3.1
GHCND:USW00094728,NY CITY CENTRAL PARK NY US,7/2/13,0.08,0,0,82,72,2.7
GHCND:USW00094728,NY CITY CENTRAL PARK NY US,7/3/13,0.53,0,0,83,73,4.3
GHCND:USW00094728,NY CITY CENTRAL PARK NY US,7/4/13,0,0,0,87,75,4.3
GHCND:USW00094728,NY CITY CENTRAL PARK NY US,7/5/13,0,0,0,90,76,4.9
GHCND:USW00094728,NY CITY CENTRAL PARK NY US,7/6/13,0,0,0,92,78,4.5
GHCND:USW00094728,NY CITY CENTRAL PARK NY US,7/7/13,0,0,0,92,78,4.3
GHCND:USW00094728,NY CITY CENTRAL PARK NY US,7/8/13,0.22,0,0,89,73,4.7
GHCND:USW00094728,NY CITY CENTRAL PARK NY US,7/9/13,0.23,0,0,88,74,3.1
GHCND:USW00094728,NY CITY CENTRAL PARK NY US,7/10/13,0,0,0,85,75,4.3
GHCND:USW00094728,NY CITY CENTRAL PARK NY US,7/11/13,0,0,0,84,76,3.8
GHCND:USW00094728,NY CITY CENTRAL PARK NY US,7/12/13,0.25,0,0,77,68,9.6
GHCND:USW00094728,NY CITY CENTRAL PARK NY US,7/13/13,0.06,0,0,81,67,5.4
GHCND:USW00094728,NY CITY CENTRAL PARK NY US,7/14/13,0,0,0,90,74,4
GHCND:USW00094728,NY CITY CENTRAL PARK NY US,7/15/13,0,0,0,94,78,3.6
GHCND:USW00094728,NY CITY CENTRAL PARK NY US,7/16/13,0,0,0,94,77,4.7
GHCND:USW00094728,NY CITY CENTRAL PARK NY US,7/17/13,0,0,0,97,79,3.4
GHCND:USW00094728,NY CITY CENTRAL PARK NY US,7/18/13,0,0,0,98,81,3.8
GHCND:USW00094728,NY CITY CENTRAL PARK NY US,7/19/13,0,0,0,96,83,5.1
GHCND:USW00094728,NY CITY CENTRAL PARK NY US,7/20/13,0,0,0,93,81,5.8
GHCND:USW00094728,NY CITY CENTRAL PARK NY US,7/21/13,0,0,0,89,76,4.7
GHCND:USW00094728,NY CITY CENTRAL PARK NY US,7/22/13,0.06,0,0,86,75,4.9
GHCND:USW00094728,NY CITY CENTRAL PARK NY US,7/23/13,0.31,0,0,87,73,4.3
GHCND:USW00094728,NY CITY CENTRAL PARK NY US,7/24/13,0,0,0,83,68,4.5
GHCND:USW00094728,NY CITY CENTRAL PARK NY US,7/25/13,0.01,0,0,68,64,8.9
GHCND:USW00094728,NY CITY CENTRAL PARK NY US,7/26/13,0,0,0,83,65,5.1
GHCND:USW00094728,NY CITY CENTRAL PARK NY US,7/27/13,0,0,0,82,70,3.4
GHCND:USW00094728,NY CITY CENTRAL PARK NY US,7/28/13,0.24,0,0,78,70,2
GHCND:USW00094728,NY CITY CENTRAL PARK NY US,7/29/13,0.01,0,0,85,69,3.8
GHCND:USW00094728,NY CITY CENTRAL PARK NY US,7/30/13,0,0,0,83,67,4
GHCND:USW00094728,NY CITY CENTRAL PARK NY US,7/31/13,0,0,0,83,67,2.9
GHCND:USW00094728,NY CITY CENTRAL PARK NY US,8/1/13,0.65,0,0,76,66,2.9
GHCND:USW00094728,NY CITY CENTRAL PARK NY US,8/2/13,0,0,0,83,67,4.5
GHCND:USW00094728,NY CITY CENTRAL PARK NY US,8/3/13,0.06,0,0,78,68,3.4
GHCND:USW00094728,NY CITY CENTRAL PARK NY US,8/4/13,0,0,0,80,66,5.1
GHCND:USW00094728,NY CITY CENTRAL PARK NY US,8/5/13,0,0,0,78,62,3.4
GHCND:USW00094728,NY CITY CENTRAL PARK NY US,8/6/13,0,0,0,82,64,2.7
GHCND:USW00094728,NY CITY CENTRAL PARK NY US,8/7/13,0,0,0,80,70,5.1
GHCND:USW00094728,NY CITY CENTRAL PARK NY US,8/8/13,0.46,0,0,81,70,4.5
GHCND:USW00094728,NY CITY CENTRAL PARK NY US,8/9/13,0.05,0,0,85,74,4.3
GHCND:USW00094728,NY CITY CENTRAL PARK NY US,8/10/13,0,0,0,83,70,4.9
GHCND:USW00094728,NY CITY CENTRAL PARK NY US,8/11/13,0,0,0,81,65,2.5
GHCND:USW00094728,NY CITY CENTRAL PARK NY US,8/12/13,0.05,0,0,82,70,2
GHCND:USW00094728,NY CITY CENTRAL PARK NY US,8/13/13,0.85,0,0,77,68,2.7
GHCND:USW00094728,NY CITY CENTRAL PARK NY US,8/14/13,0,0,0,74,61,6.5
GHCND:USW00094728,NY CITY CENTRAL PARK NY US,8/15/13,0,0,0,78,59,3.6
GHCND:USW00094728,NY CITY CENTRAL PARK NY US,8/16/13,0,0,0,82,64,2
GHCND:USW00094728,NY CITY CENTRAL PARK NY US,8/17/13,0,0,0,84,64,2
GHCND:USW00094728,NY CITY CENTRAL PARK NY US,8/18/13,0,0,0,76,68,2.9
GHCND:USW00094728,NY CITY CENTRAL PARK NY US,8/19/13,0,0,0,79,66,3.4
GHCND:USW00094728,NY CITY CENTRAL PARK NY US,8/20/13,0,0,0,88,68,2.9
GHCND:USW00094728,NY CITY CENTRAL PARK NY US,8/21/13,0,0,0,90,72,2.5
GHCND:USW00094728,NY CITY CENTRAL PARK NY US,8/22/13,0.25,0,0,78,71,3.8
GHCND:USW00094728,NY CITY CENTRAL PARK NY US,8/23/13,0,0,0,82,71,5.6
GHCND:USW00094728,NY CITY CENTRAL PARK NY US,8/24/13,0,0,0,80,65,4.9
GHCND:USW00094728,NY CITY CENTRAL PARK NY US,8/25/13,0,0,0,83,64,4
GHCND:USW00094728,NY CITY CENTRAL PARK NY US,8/26/13,0.04,0,0,84,68,5.8
GHCND:USW00094728,NY CITY CENTRAL PARK NY US,8/27/13,0.01,0,0,87,71,4.7
GHCND:USW00094728,NY CITY CENTRAL PARK NY US,8/28/13,0.43,0,0,86,71,2.7
GHCND:USW00094728,NY CITY CENTRAL PARK NY US,8/29/13,0,0,0,80,71,4.9
GHCND:USW00094728,NY CITY CENTRAL PARK NY US,8/30/13,0,0,0,85,70,4.3
GHCND:USW00094728,NY CITY CENTRAL PARK NY US,8/31/13,0,0,0,86,73,4.9
GHCND:USW00094728,NY CITY CENTRAL PARK NY US,9/1/13,0,0,0,84,75,2.5
GHCND:USW00094728,NY CITY CENTRAL PARK NY US,9/2/13,0.05,0,0,82,74,0.9
GHCND:USW00094728,NY CITY CENTRAL PARK NY US,9/3/13,0.03,0,0,82,68,2.9
GHCND:USW00094728,NY CITY CENTRAL PARK NY US,9/4/13,0,0,0,82,65,5.4
GHCND:USW00094728,NY CITY CENTRAL PARK NY US,9/5/13,0,0,0,80,64,5.6
GHCND:USW00094728,NY CITY CENTRAL PARK NY US,9/6/13,0,0,0,72,57,3.6
GHCND:USW00094728,NY CITY CENTRAL PARK NY US,9/7/13,0,0,0,80,59,3.4
GHCND:USW00094728,NY CITY CENTRAL PARK NY US,9/8/13,0,0,0,83,64,6.5
GHCND:USW00094728,NY CITY CENTRAL PARK NY US,9/9/13,0,0,0,73,57,4.3
GHCND:USW00094728,NY CITY CENTRAL PARK NY US,9/10/13,0.01,0,0,87,68,5.8
GHCND:USW00094728,NY CITY CENTRAL PARK NY US,9/11/13,0,0,0,96,77,4.5
GHCND:USW00094728,NY CITY CENTRAL PARK NY US,9/12/13,1.6,0,0,87,70,4
GHCND:USW00094728,NY CITY CENTRAL PARK NY US,9/13/13,0.06,0,0,77,59,5.1
GHCND:USW00094728,NY CITY CENTRAL PARK NY US,9/14/13,0,0,0,67,54,4.7
GHCND:USW00094728,NY CITY CENTRAL PARK NY US,9/15/13,0,0,0,73,51,3.8
GHCND:USW00094728,NY CITY CENTRAL PARK NY US,9/16/13,0.03,0,0,73,56,4.7
GHCND:USW00094728,NY CITY CENTRAL PARK NY US,9/17/13,0,0,0,65,50,4.7
GHCND:USW00094728,NY CITY CENTRAL PARK NY US,9/18/13,0,0,0,72,51,2.7
GHCND:USW00094728,NY CITY CENTRAL PARK NY US,9/19/13,0,0,0,78,55,2.5
GHCND:USW00094728,NY CITY CENTRAL PARK NY US,9/20/13,0,0,0,79,60,3.1
GHCND:USW00094728,NY CITY CENTRAL PARK NY US,9/21/13,0.72,0,0,77,61,4.5
GHCND:USW00094728,NY CITY CENTRAL PARK NY US,9/22/13,0.45,0,0,69,54,5.8
GHCND:USW00094728,NY CITY CENTRAL PARK NY US,9/23/13,0,0,0,66,50,4
GHCND:USW00094728,NY CITY CENTRAL PARK NY US,9/24/13,0,0,0,73,47,4
GHCND:USW00094728,NY CITY CENTRAL PARK NY US,9/25/13,0,0,0,73,52,1.8
GHCND:USW00094728,NY CITY CENTRAL PARK NY US,9/26/13,0,0,0,71,58,3.6
GHCND:USW00094728,NY CITY CENTRAL PARK NY US,9/27/13,0,0,0,69,57,4.7
GHCND:USW00094728,NY CITY CENTRAL PARK NY US,9/28/13,0,0,0,73,56,4.5
GHCND:USW00094728,NY CITY CENTRAL PARK NY US,9/29/13,0,0,0,72,57,3.1
GHCND:USW00094728,NY CITY CENTRAL PARK NY US,9/30/13,0,0,0,75,56,3.4
GHCND:USW00094728,NY CITY CENTRAL PARK NY US,10/1/13,0,0,0,82,59,2
GHCND:USW00094728,NY CITY CENTRAL PARK NY US,10/2/13,0,0,0,83,64,4
GHCND:USW00094728,NY CITY CENTRAL PARK NY US,10/3/13,0,0,0,78,63,1.6
GHCND:USW00094728,NY CITY CENTRAL PARK NY US,10/4/13,0,0,0,86,66,2.9
GHCND:USW00094728,NY CITY CENTRAL PARK NY US,10/5/13,0,0,0,76,64,3.6
GHCND:USW00094728,NY CITY CENTRAL PARK NY US,10/6/13,0,0,0,70,65,5.8
GHCND:USW00094728,NY CITY CENTRAL PARK NY US,10/7/13,0.25,0,0,76,60,5.8
GHCND:USW00094728,NY CITY CENTRAL PARK NY US,10/8/13,0,0,0,67,54,6
GHCND:USW00094728,NY CITY CENTRAL PARK NY US,10/9/13,0,0,0,62,53,8.5
GHCND:USW00094728,NY CITY CENTRAL PARK NY US,10/10/13,0,0,0,65,54,8.9
GHCND:USW00094728,NY CITY CENTRAL PARK NY US,10/11/13,0.02,0,0,68,60,9.4
GHCND:USW00094728,NY CITY CENTRAL PARK NY US,10/12/13,0,0,0,72,60,11.2
GHCND:USW00094728,NY CITY CENTRAL PARK NY US,10/13/13,0,0,0,65,56,8.5
GHCND:USW00094728,NY CITY CENTRAL PARK NY US,10/14/13,0,0,0,66,52,2.5
GHCND:USW00094728,NY CITY CENTRAL PARK NY US,10/15/13,0,0,0,72,53,2.9
GHCND:USW00094728,NY CITY CENTRAL PARK NY US,10/16/13,0,0,0,67,56,3.1
GHCND:USW00094728,NY CITY CENTRAL PARK NY US,10/17/13,0.02,0,0,73,61,2.7
GHCND:USW00094728,NY CITY CENTRAL PARK NY US,10/18/13,0,0,0,68,55,6.7
GHCND:USW00094728,NY CITY CENTRAL PARK NY US,10/19/13,0.01,0,0,64,52,3.4
GHCND:USW00094728,NY CITY CENTRAL PARK NY US,10/20/13,0,0,0,63,50,5.6
GHCND:USW00094728,NY CITY CENTRAL PARK NY US,10/21/13,0,0,0,66,50,3.8
GHCND:USW00094728,NY CITY CENTRAL PARK NY US,10/22/13,0,0,0,67,51,4.5
GHCND:USW00094728,NY CITY CENTRAL PARK NY US,10/23/13,0,0,0,55,45,4.5
GHCND:USW00094728,NY CITY CENTRAL PARK NY US,10/24/13,0,0,0,54,41,6.7
GHCND:USW00094728,NY CITY CENTRAL PARK NY US,10/25/13,0,0,0,53,40,5.1
GHCND:USW00094728,NY CITY CENTRAL PARK NY US,10/26/13,0,0,0,55,41,6.3
GHCND:USW00094728,NY CITY CENTRAL PARK NY US,10/27/13,0,0,0,58,46,5.1
GHCND:USW00094728,NY CITY CENTRAL PARK NY US,10/28/13,0,0,0,61,43,4.5
GHCND:USW00094728,NY CITY CENTRAL PARK NY US,10/29/13,0,0,0,56,44,4.9
GHCND:USW00094728,NY CITY CENTRAL PARK NY US,10/30/13,0,0,0,60,47,2
GHCND:USW00094728,NY CITY CENTRAL PARK NY US,10/31/13,0.06,0,0,66,53,3.6
GHCND:USW00094728,NY CITY CENTRAL PARK NY US,11/1/13,0.13,0,0,70,59,4.9
GHCND:USW00094728,NY CITY CENTRAL PARK NY US,11/2/13,0,0,0,68,55,3.8
GHCND:USW00094728,NY CITY CENTRAL PARK NY US,11/3/13,0,0,0,55,37,6.3
GHCND:USW00094728,NY CITY CENTRAL PARK NY US,11/4/13,0,0,0,46,35,6.5
GHCND:USW00094728,NY CITY CENTRAL PARK NY US,11/5/13,0,0,0,55,41,4
GHCND:USW00094728,NY CITY CENTRAL PARK NY US,11/6/13,0,0,0,61,49,3.6
GHCND:USW00094728,NY CITY CENTRAL PARK NY US,11/7/13,0.13,0,0,64,44,6.7
GHCND:USW00094728,NY CITY CENTRAL PARK NY US,11/8/13,0,0,0,50,40,8.7
GHCND:USW00094728,NY CITY CENTRAL PARK NY US,11/9/13,0,0,0,50,38,4.9
GHCND:USW00094728,NY CITY CENTRAL PARK NY US,11/10/13,0,0,0,61,44,7.6
GHCND:USW00094728,NY CITY CENTRAL PARK NY US,11/11/13,0,0,0,53,43,6.5
GHCND:USW00094728,NY CITY CENTRAL PARK NY US,11/12/13,0.03,0,0,52,31,6.3
GHCND:USW00094728,NY CITY CENTRAL PARK NY US,11/13/13,0,0,0,39,29,6
GHCND:USW00094728,NY CITY CENTRAL PARK NY US,11/14/13,0,0,0,52,33,8.1
GHCND:USW00094728,NY CITY CENTRAL PARK NY US,11/15/13,0,0,0,57,44,4.7
GHCND:USW00094728,NY CITY CENTRAL PARK NY US,11/16/13,0.05,0,0,60,45,2.7
GHCND:USW00094728,NY CITY CENTRAL PARK NY US,11/17/13,0.03,0,0,60,51,3.6
GHCND:USW00094728,NY CITY CENTRAL PARK NY US,11/18/13,0.22,0,0,65,51,7.4
GHCND:USW00094728,NY CITY CENTRAL PARK NY US,11/19/13,0,0,0,51,36,9.2
GHCND:USW00094728,NY CITY CENTRAL PARK NY US,11/20/13,0,0,0,44,32,6.9
GHCND:USW00094728,NY CITY CENTRAL PARK NY US,11/21/13,0,0,0,52,35,4.9
GHCND:USW00094728,NY CITY CENTRAL PARK NY US,11/22/13,0.07,0,0,57,51,6.3
GHCND:USW00094728,NY CITY CENTRAL PARK NY US,11/23/13,0,0,0,54,31,9.6
GHCND:USW00094728,NY CITY CENTRAL PARK NY US,11/24/13,0,0,0,30,23,12.1
GHCND:USW00094728,NY CITY CENTRAL PARK NY US,11/25/13,0,0,0,35,23,5.8
GHCND:USW00094728,NY CITY CENTRAL PARK NY US,11/26/13,0.51,0,0,47,33,4.3
GHCND:USW00094728,NY CITY CENTRAL PARK NY US,11/27/13,1.98,0,0,62,35,9.6
GHCND:USW00094728,NY CITY CENTRAL PARK NY US,11/28/13,0,0,0,35,30,7.2
GHCND:USW00094728,NY CITY CENTRAL PARK NY US,11/29/13,0,0,0,39,29,3.8
GHCND:USW00094728,NY CITY CENTRAL PARK NY US,11/30/13,0,0,0,39,25,5.1
GHCND:USW00094728,NY CITY CENTRAL PARK NY US,12/1/13,0,0,0,49,36,1.8
GHCND:USW00094728,NY CITY CENTRAL PARK NY US,12/2/13,0,0,0,49,41,3.1
GHCND:USW00094728,NY CITY CENTRAL PARK NY US,12/3/13,0,0,0,53,38,3.1
GHCND:USW00094728,NY CITY CENTRAL PARK NY US,12/4/13,0,0,0,52,41,2.9
GHCND:USW00094728,NY CITY CENTRAL PARK NY US,12/5/13,0.01,0,0,60,48,2.5
GHCND:USW00094728,NY CITY CENTRAL PARK NY US,12/6/13,0.73,0,0,62,37,5.8
GHCND:USW00094728,NY CITY CENTRAL PARK NY US,12/7/13,0.14,0,0,41,32,6
GHCND:USW00094728,NY CITY CENTRAL PARK NY US,12/8/13,0.08,0,0.7,33,29,6.3
GHCND:USW00094728,NY CITY CENTRAL PARK NY US,12/9/13,0.3,0,0,39,31,6.7
GHCND:USW00094728,NY CITY CENTRAL PARK NY US,12/10/13,0.23,0,1.4,37,30,6.5
GHCND:USW00094728,NY CITY CENTRAL PARK NY US,12/11/13,0,0,0,33,27,7.6
GHCND:USW00094728,NY CITY CENTRAL PARK NY US,12/12/13,0,0,0,30,23,7.4
GHCND:USW00094728,NY CITY CENTRAL PARK NY US,12/13/13,0,0,0,35,23,5.6
GHCND:USW00094728,NY CITY CENTRAL PARK NY US,12/14/13,0.73,0,5,34,22,10.1
GHCND:USW00094728,NY CITY CENTRAL PARK NY US,12/15/13,0.72,3.1,0,40,30,8.7
GHCND:USW00094728,NY CITY CENTRAL PARK NY US,12/16/13,0,3.1,0,33,25,7.8
GHCND:USW00094728,NY CITY CENTRAL PARK NY US,12/17/13,0.19,3.1,1.5,32,24,6
GHCND:USW00094728,NY CITY CENTRAL PARK NY US,12/18/13,0,3.9,0,37,23,6.7
GHCND:USW00094728,NY CITY CENTRAL PARK NY US,12/19/13,0,3.1,0,47,30,4.9
GHCND:USW00094728,NY CITY CENTRAL PARK NY US,12/20/13,0,3.1,0,53,41,5.1
GHCND:USW00094728,NY CITY CENTRAL PARK NY US,12/21/13,0.01,1.2,0,65,51,7.8
GHCND:USW00094728,NY CITY CENTRAL PARK NY US,12/22/13,0,0,0,71,61,5.6
GHCND:USW00094728,NY CITY CENTRAL PARK NY US,12/23/13,0.51,0,0,64,42,4.7
GHCND:USW00094728,NY CITY CENTRAL PARK NY US,12/24/13,0,0,0,42,26,8.3
GHCND:USW00094728,NY CITY CENTRAL PARK NY US,12/25/13,0,0,0,31,19,4.7
GHCND:USW00094728,NY CITY CENTRAL PARK NY US,12/26/13,0,0,0,36,30,5.4
GHCND:USW00094728,NY CITY CENTRAL PARK NY US,12/27/13,0,0,0,40,31,5.8
GHCND:USW00094728,NY CITY CENTRAL PARK NY US,12/28/13,0,0,0,55,36,7.2
GHCND:USW00094728,NY CITY CENTRAL PARK NY US,12/29/13,1.2,0,0,48,41,6
GHCND:USW00094728,NY CITY CENTRAL PARK NY US,12/30/13,0,0,0,45,23,6.3
GHCND:USW00094728,NY CITY CENTRAL PARK NY US,12/31/13,0,0,0,32,21,5.8
GHCND:USW00094728,NY CITY CENTRAL PARK NY US,1/1/14,0,0,0,33,24,5.6
GHCND:USW00094728,NY CITY CENTRAL PARK NY US,1/2/14,0.33,0,3.1,33,18,12.3
GHCND:USW00094728,NY CITY CENTRAL PARK NY US,1/3/14,0.29,5.9,3.3,18,9,10.5
GHCND:USW00094728,NY CITY CENTRAL PARK NY US,1/4/14,0,5.9,0,29,8,4.9
GHCND:USW00094728,NY CITY CENTRAL PARK NY US,1/5/14,0.14,3.9,0,40,27,3.8
GHCND:USW00094728,NY CITY CENTRAL PARK NY US,1/6/14,0.36,1.2,0,55,19,8.5
GHCND:USW00094728,NY CITY CENTRAL PARK NY US,1/7/14,0,0,0,19,4,13.2
GHCND:USW00094728,NY CITY CENTRAL PARK NY US,1/8/14,0,0,0,22,9,7.2
GHCND:USW00094728,NY CITY CENTRAL PARK NY US,1/9/14,0,0,0,32,22,2.9
GHCND:USW00094728,NY CITY CENTRAL PARK NY US,1/10/14,0.11,0,0,37,30,3.4
GHCND:USW00094728,NY CITY CENTRAL PARK NY US,1/11/14,0.5,0,0,58,37,7.2
GHCND:USW00094728,NY CITY CENTRAL PARK NY US,1/12/14,0.05,0,0,54,38,8.3
GHCND:USW00094728,NY CITY CENTRAL PARK NY US,1/13/14,0,0,0,51,37,5.1
GHCND:USW00094728,NY CITY CENTRAL PARK NY US,1/14/14,0.38,0,0,52,44,4.9
GHCND:USW00094728,NY CITY CENTRAL PARK NY US,1/15/14,0,0,0,47,39,2.9
GHCND:USW00094728,NY CITY CENTRAL PARK NY US,1/16/14,0,0,0,42,36,4
GHCND:USW00094728,NY CITY CENTRAL PARK NY US,1/17/14,0,0,0,44,33,3.6
GHCND:USW00094728,NY CITY CENTRAL PARK NY US,1/18/14,0.07,0,0,41,29,7.2
GHCND:USW00094728,NY CITY CENTRAL PARK NY US,1/19/14,0,0,0,38,24,7.4
GHCND:USW00094728,NY CITY CENTRAL PARK NY US,1/20/14,0,0,0,46,31,7.4
GHCND:USW00094728,NY CITY CENTRAL PARK NY US,1/21/14,0.46,0,11,31,11,10.5
GHCND:USW00094728,NY CITY CENTRAL PARK NY US,1/22/14,0.02,11,0.5,17,5,8.7
GHCND:USW00094728,NY CITY CENTRAL PARK NY US,1/23/14,0,7.1,0,20,7,7.2
GHCND:USW00094728,NY CITY CENTRAL PARK NY US,1/24/14,0,5.9,0,20,10,8.1
GHCND:USW00094728,NY CITY CENTRAL PARK NY US,1/25/14,0.04,3.9,1,28,19,7.6
GHCND:USW00094728,NY CITY CENTRAL PARK NY US,1/26/14,0,3.9,0,34,17,7
GHCND:USW00094728,NY CITY CENTRAL PARK NY US,1/27/14,0,3.1,0,44,21,7.8
GHCND:USW00094728,NY CITY CENTRAL PARK NY US,1/28/14,0,1.2,0,21,12,6
GHCND:USW00094728,NY CITY CENTRAL PARK NY US,1/29/14,0.04,2,0.8,23,14,6.5
GHCND:USW00094728,NY CITY CENTRAL PARK NY US,1/30/14,0,1,0,30,16,3.8
GHCND:USW00094728,NY CITY CENTRAL PARK NY US,1/31/14,0,1.2,0,39,25,4.9
GHCND:USW00094728,NY CITY CENTRAL PARK NY US,2/1/14,0,1.2,0,45,36,3.6
GHCND:USW00094728,NY CITY CENTRAL PARK NY US,2/2/14,0,1.2,0,56,39,3.1
GHCND:USW00094728,NY CITY CENTRAL PARK NY US,2/3/14,1.17,1.2,8,43,27,6.7
GHCND:USW00094728,NY CITY CENTRAL PARK NY US,2/4/14,0,7.9,0,35,22,2.2
GHCND:USW00094728,NY CITY CENTRAL PARK NY US,2/5/14,1.43,9.1,4,34,29,7.2
GHCND:USW00094728,NY CITY CENTRAL PARK NY US,2/6/14,0,9.1,0,32,21,4
GHCND:USW00094728,NY CITY CENTRAL PARK NY US,2/7/14,0,9.1,0,32,24,6.7
GHCND:USW00094728,NY CITY CENTRAL PARK NY US,2/8/14,0,9.1,0,29,21,4.9
GHCND:USW00094728,NY CITY CENTRAL PARK NY US,2/9/14,0.1,7.9,1.2,31,21,3.6
GHCND:USW00094728,NY CITY CENTRAL PARK NY US,2/10/14,0,9.8,0,29,21,7.2
GHCND:USW00094728,NY CITY CENTRAL PARK NY US,2/11/14,0,9.8,0,26,16,5.4
GHCND:USW00094728,NY CITY CENTRAL PARK NY US,2/12/14,0,9.8,0,25,13,5.8
GHCND:USW00094728,NY CITY CENTRAL PARK NY US,2/13/14,1.78,11.8,9.5,36,24,12.5
GHCND:USW00094728,NY CITY CENTRAL PARK NY US,2/14/14,0.3,18.1,3,40,31,10.5
GHCND:USW00094728,NY CITY CENTRAL PARK NY US,2/15/14,0.13,18.1,1.6,37,27,9.4
GHCND:USW00094728,NY CITY CENTRAL PARK NY US,2/16/14,0,18.1,0,30,21,8.9
GHCND:USW00094728,NY CITY CENTRAL PARK NY US,2/17/14,0,16.9,0,32,18,5.4
GHCND:USW00094728,NY CITY CENTRAL PARK NY US,2/18/14,0.16,18.1,1.5,39,26,5.1
GHCND:USW00094728,NY CITY CENTRAL PARK NY US,2/19/14,0.26,16.9,0,45,34,5.1
GHCND:USW00094728,NY CITY CENTRAL PARK NY US,2/20/14,0.03,15,0,51,37,4.9
GHCND:USW00094728,NY CITY CENTRAL PARK NY US,2/21/14,0.09,13,0,49,36,7.4
GHCND:USW00094728,NY CITY CENTRAL PARK NY US,2/22/14,0,9.8,0,54,40,7.2
GHCND:USW00094728,NY CITY CENTRAL PARK NY US,2/23/14,0,9.1,0,54,43,5.4
GHCND:USW00094728,NY CITY CENTRAL PARK NY US,2/24/14,0,5.9,0,44,27,9.4
GHCND:USW00094728,NY CITY CENTRAL PARK NY US,2/25/14,0,5.9,0,33,24,6.9
GHCND:USW00094728,NY CITY CENTRAL PARK NY US,2/26/14,0.03,5.9,0.2,31,20,5.4
GHCND:USW00094728,NY CITY CENTRAL PARK NY US,2/27/14,0,5.9,0,34,14,8.5
GHCND:USW00094728,NY CITY CENTRAL PARK NY US,2/28/14,0,5.9,0,24,9,4.7
GHCND:USW00094728,NY CITY CENTRAL PARK NY US,3/1/14,0,5.9,0,37,20,4.5
GHCND:USW00094728,NY CITY CENTRAL PARK NY US,3/2/14,0,5.1,0,40,32,3.8
GHCND:USW00094728,NY CITY CENTRAL PARK NY US,3/3/14,0.04,5.1,0.1,32,17,6.7
GHCND:USW00094728,NY CITY CENTRAL PARK NY US,3/4/14,0,5.1,0,29,13,4.7
GHCND:USW00094728,NY CITY CENTRAL PARK NY US,3/5/14,0,3.9,0,39,26,5.1
GHCND:USW00094728,NY CITY CENTRAL PARK NY US,3/6/14,0,3.9,0,31,16,8.5
GHCND:USW00094728,NY CITY CENTRAL PARK NY US,3/7/14,0,3.9,0,37,26,7.8
GHCND:USW00094728,NY CITY CENTRAL PARK NY US,3/8/14,0,3.1,0,57,35,5.8
GHCND:USW00094728,NY CITY CENTRAL PARK NY US,3/9/14,0,2,0,44,36,6.3
GHCND:USW00094728,NY CITY CENTRAL PARK NY US,3/10/14,0,1.2,0,51,36,5.4
GHCND:USW00094728,NY CITY CENTRAL PARK NY US,3/11/14,0,0,0,66,45,4.7
GHCND:USW00094728,NY CITY CENTRAL PARK NY US,3/12/14,0.35,0,0,56,32,5.4
GHCND:USW00094728,NY CITY CENTRAL PARK NY US,3/13/14,0,0,0,32,18,14.1
GHCND:USW00094728,NY CITY CENTRAL PARK NY US,3/14/14,0,0,0,46,22,5.6
GHCND:USW00094728,NY CITY CENTRAL PARK NY US,3/15/14,0,0,0,58,42,8.9
GHCND:USW00094728,NY CITY CENTRAL PARK NY US,3/16/14,0,0,0,42,30,7.6
GHCND:USW00094728,NY CITY CENTRAL PARK NY US,3/17/14,0,0,0,35,23,8.1
GHCND:USW00094728,NY CITY CENTRAL PARK NY US,3/18/14,0,0,0,43,28,6.9
GHCND:USW00094728,NY CITY CENTRAL PARK NY US,3/19/14,0.92,0,0,46,32,7.2
GHCND:USW00094728,NY CITY CENTRAL PARK NY US,3/20/14,0,0,0,54,40,8.1
GHCND:USW00094728,NY CITY CENTRAL PARK NY US,3/21/14,0,0,0,51,39,7.6
GHCND:USW00094728,NY CITY CENTRAL PARK NY US,3/22/14,0,0,0,63,41,6.9
GHCND:USW00094728,NY CITY CENTRAL PARK NY US,3/23/14,0,0,0,42,27,7.4
GHCND:USW00094728,NY CITY CENTRAL PARK NY US,3/24/14,0,0,0,35,21,6.7
GHCND:USW00094728,NY CITY CENTRAL PARK NY US,3/25/14,0,0,0,39,26,5.8
GHCND:USW00094728,NY CITY CENTRAL PARK NY US,3/26/14,0,0,0,36,24,11.9
GHCND:USW00094728,NY CITY CENTRAL PARK NY US,3/27/14,0,0,0,44,22,6.7
GHCND:USW00094728,NY CITY CENTRAL PARK NY US,3/28/14,0.04,0,0,62,37,5.4
GHCND:USW00094728,NY CITY CENTRAL PARK NY US,3/29/14,1.81,0,0,59,43,10.7
GHCND:USW00094728,NY CITY CENTRAL PARK NY US,3/30/14,0.35,0,0,49,39,10.1
GHCND:USW00094728,NY CITY CENTRAL PARK NY US,3/31/14,0.16,0,0,56,36,8.3
GHCND:USW00094728,NY CITY CENTRAL PARK NY US,4/1/14,0,0,0,60,39,4.7
GHCND:USW00094728,NY CITY CENTRAL PARK NY US,4/2/14,0,0,0,54,42,2
GHCND:USW00094728,NY CITY CENTRAL PARK NY US,4/3/14,0.07,0,0,67,46,3.8
GHCND:USW00094728,NY CITY CENTRAL PARK NY US,4/4/14,0.21,0,0,47,40,8.5
GHCND:USW00094728,NY CITY CENTRAL PARK NY US,4/5/14,0,0,0,54,40,8.5
GHCND:USW00094728,NY CITY CENTRAL PARK NY US,4/6/14,0,0,0,61,36,4.3
GHCND:USW00094728,NY CITY CENTRAL PARK NY US,4/7/14,0.52,0,0,53,43,6
GHCND:USW00094728,NY CITY CENTRAL PARK NY US,4/8/14,0.34,0,0,64,46,6.9
GHCND:USW00094728,NY CITY CENTRAL PARK NY US,4/9/14,0,0,0,61,45,6.9
GHCND:USW00094728,NY CITY CENTRAL PARK NY US,4/10/14,0,0,0,58,42,6.9
GHCND:USW00094728,NY CITY CENTRAL PARK NY US,4/11/14,0,0,0,75,56,5.8
GHCND:USW00094728,NY CITY CENTRAL PARK NY US,4/12/14,0,0,0,73,50,4.3
GHCND:USW00094728,NY CITY CENTRAL PARK NY US,4/13/14,0,0,0,77,54,5.8
GHCND:USW00094728,NY CITY CENTRAL PARK NY US,4/14/14,0,0,0,75,59,7.4
GHCND:USW00094728,NY CITY CENTRAL PARK NY US,4/15/14,0.71,0,0,63,33,8.7
GHCND:USW00094728,NY CITY CENTRAL PARK NY US,4/16/14,0.05,0,0,49,31,7.6
GHCND:USW00094728,NY CITY CENTRAL PARK NY US,4/17/14,0,0,0,48,36,7.8
GHCND:USW00094728,NY CITY CENTRAL PARK NY US,4/18/14,0,0,0,49,35,5.4
GHCND:USW00094728,NY CITY CENTRAL PARK NY US,4/19/14,0,0,0,68,41,5.6
GHCND:USW00094728,NY CITY CENTRAL PARK NY US,4/20/14,0,0,0,60,45,6.3
GHCND:USW00094728,NY CITY CENTRAL PARK NY US,4/21/14,0,0,0,67,41,4.3
GHCND:USW00094728,NY CITY CENTRAL PARK NY US,4/22/14,0.01,0,0,71,51,5.6
GHCND:USW00094728,NY CITY CENTRAL PARK NY US,4/23/14,0,0,0,61,44,9.4
GHCND:USW00094728,NY CITY CENTRAL PARK NY US,4/24/14,0,0,0,62,42,8.5
GHCND:USW00094728,NY CITY CENTRAL PARK NY US,4/25/14,0.02,0,0,63,44,4.9
GHCND:USW00094728,NY CITY CENTRAL PARK NY US,4/26/14,0.92,0,0,67,46,5.4
GHCND:USW00094728,NY CITY CENTRAL PARK NY US,4/27/14,0,0,0,59,47,5.8
GHCND:USW00094728,NY CITY CENTRAL PARK NY US,4/28/14,0,0,0,67,45,4.3
GHCND:USW00094728,NY CITY CENTRAL PARK NY US,4/29/14,0.03,0,0,52,43,8.9
GHCND:USW00094728,NY CITY CENTRAL PARK NY US,4/30/14,4.97,0,0,52,41,8.3
GHCND:USW00094728,NY CITY CENTRAL PARK NY US,5/1/14,0.12,0,0,78,51,4.5
GHCND:USW00094728,NY CITY CENTRAL PARK NY US,5/2/14,0,0,0,70,56,4.5
GHCND:USW00094728,NY CITY CENTRAL PARK NY US,5/3/14,0.08,0,0,71,54,3.4
GHCND:USW00094728,NY CITY CENTRAL PARK NY US,5/4/14,0.02,0,0,65,54,8.3
GHCND:USW00094728,NY CITY CENTRAL PARK NY US,5/5/14,0,0,0,70,50,7.4
GHCND:USW00094728,NY CITY CENTRAL PARK NY US,5/6/14,0,0,0,71,52,3.8
GHCND:USW00094728,NY CITY CENTRAL PARK NY US,5/7/14,0,0,0,69,50,4
GHCND:USW00094728,NY CITY CENTRAL PARK NY US,5/8/14,0.41,0,0,59,53,4.5
GHCND:USW00094728,NY CITY CENTRAL PARK NY US,5/9/14,0.04,0,0,63,55,3.1
GHCND:USW00094728,NY CITY CENTRAL PARK NY US,5/10/14,0.37,0,0,83,57,4.5
GHCND:USW00094728,NY CITY CENTRAL PARK NY US,5/11/14,0.03,0,0,82,60,3.1
GHCND:USW00094728,NY CITY CENTRAL PARK NY US,5/12/14,0,0,0,85,64,1.8
GHCND:USW00094728,NY CITY CENTRAL PARK NY US,5/13/14,0,0,0,73,53,7.2
GHCND:USW00094728,NY CITY CENTRAL PARK NY US,5/14/14,0.01,0,0,71,52,4.7
GHCND:USW00094728,NY CITY CENTRAL PARK NY US,5/15/14,0.15,0,0,71,58,5.4
GHCND:USW00094728,NY CITY CENTRAL PARK NY US,5/16/14,1.54,0,0,68,58,6.5
GHCND:USW00094728,NY CITY CENTRAL PARK NY US,5/17/14,0,0,0,70,53,4.9
GHCND:USW00094728,NY CITY CENTRAL PARK NY US,5/18/14,0,0,0,67,51,5.8
GHCND:USW00094728,NY CITY CENTRAL PARK NY US,5/19/14,0,0,0,72,49,4.7
GHCND:USW00094728,NY CITY CENTRAL PARK NY US,5/20/14,0,0,0,78,53,3.1
GHCND:USW00094728,NY CITY CENTRAL PARK NY US,5/21/14,0,0,0,74,63,2.5
GHCND:USW00094728,NY CITY CENTRAL PARK NY US,5/22/14,0.24,0,0,67,59,3.1
GHCND:USW00094728,NY CITY CENTRAL PARK NY US,5/23/14,0.91,0,0,71,56,4.3
GHCND:USW00094728,NY CITY CENTRAL PARK NY US,5/24/14,0.4,0,0,70,57,3.6
GHCND:USW00094728,NY CITY CENTRAL PARK NY US,5/25/14,0,0,0,80,55,2
GHCND:USW00094728,NY CITY CENTRAL PARK NY US,5/26/14,0,0,0,86,66,4.9
GHCND:USW00094728,NY CITY CENTRAL PARK NY US,5/27/14,0,0,0,86,64,4.3
GHCND:USW00094728,NY CITY CENTRAL PARK NY US,5/28/14,0,0,0,64,54,7.6
GHCND:USW00094728,NY CITY CENTRAL PARK NY US,5/29/14,0,0,0,66,51,4.3
GHCND:USW00094728,NY CITY CENTRAL PARK NY US,5/30/14,0,0,0,75,55,2.5
GHCND:USW00094728,NY CITY CENTRAL PARK NY US,5/31/14,0.05,0,0,73,57,5.8
GHCND:USW00094728,NY CITY CENTRAL PARK NY US,6/1/14,0,0,0,77,55,3.6
GHCND:USW00094728,NY CITY CENTRAL PARK NY US,6/2/14,0,0,0,80,59,4.5
GHCND:USW00094728,NY CITY CENTRAL PARK NY US,6/3/14,0.12,0,0,87,65,4
GHCND:USW00094728,NY CITY CENTRAL PARK NY US,6/4/14,0,0,0,82,63,3.6
GHCND:USW00094728,NY CITY CENTRAL PARK NY US,6/5/14,0.87,0,0,76,61,5.6
GHCND:USW00094728,NY CITY CENTRAL PARK NY US,6/6/14,0,0,0,76,61,4.5
GHCND:USW00094728,NY CITY CENTRAL PARK NY US,6/7/14,0,0,0,82,60,2.9
GHCND:USW00094728,NY CITY CENTRAL PARK NY US,6/8/14,0,0,0,86,66,2.9
GHCND:USW00094728,NY CITY CENTRAL PARK NY US,6/9/14,1.6,0,0,73,63,4.3
GHCND:USW00094728,NY CITY CENTRAL PARK NY US,6/10/14,0,0,0,77,65,3.4
GHCND:USW00094728,NY CITY CENTRAL PARK NY US,6/11/14,0.02,0,0,70,61,7.2
GHCND:USW00094728,NY CITY CENTRAL PARK NY US,6/12/14,0.07,0,0,73,60,5.6
GHCND:USW00094728,NY CITY CENTRAL PARK NY US,6/13/14,1.28,0,0,79,65,3.6
GHCND:USW00094728,NY CITY CENTRAL PARK NY US,6/14/14,0,0,0,74,60,4.7
GHCND:USW00094728,NY CITY CENTRAL PARK NY US,6/15/14,0,0,0,80,59,4.3
GHCND:USW00094728,NY CITY CENTRAL PARK NY US,6/16/14,0,0,0,81,63,2.9
GHCND:USW00094728,NY CITY CENTRAL PARK NY US,6/17/14,0,0,0,89,71,4
GHCND:USW00094728,NY CITY CENTRAL PARK NY US,6/18/14,0,0,0,89,76,5.8
GHCND:USW00094728,NY CITY CENTRAL PARK NY US,6/19/14,0.15,0,0,77,68,3.8
GHCND:USW00094728,NY CITY CENTRAL PARK NY US,6/20/14,0,0,0,79,64,4.5
GHCND:USW00094728,NY CITY CENTRAL PARK NY US,6/21/14,0,0,0,78,62,4.9
GHCND:USW00094728,NY CITY CENTRAL PARK NY US,6/22/14,0,0,0,79,64,2
GHCND:USW00094728,NY CITY CENTRAL PARK NY US,6/23/14,0,0,0,81,65,2.7
GHCND:USW00094728,NY CITY CENTRAL PARK NY US,6/24/14,0,0,0,81,68,4.9
GHCND:USW00094728,NY CITY CENTRAL PARK NY US,6/25/14,0.08,0,0,85,70,4.9
GHCND:USW00094728,NY CITY CENTRAL PARK NY US,6/26/14,0.07,0,0,85,70,4.7
GHCND:USW00094728,NY CITY CENTRAL PARK NY US,6/27/14,0,0,0,83,67,2.9
GHCND:USW00094728,NY CITY CENTRAL PARK NY US,6/28/14,0,0,0,87,66,2.9
GHCND:USW00094728,NY CITY CENTRAL PARK NY US,6/29/14,0,0,0,83,68,2.7
GHCND:USW00094728,NY CITY CENTRAL PARK NY US,6/30/14,0,0,0,84,69,2.7
GHCND:USW00094728,NY CITY CENTRAL PARK NY US,7/1/14,0,0,0,89,72,5.1
GHCND:USW00094728,NY CITY CENTRAL PARK NY US,7/2/14,0.96,0,0,91,72,3.8
GHCND:USW00094728,NY CITY CENTRAL PARK NY US,7/3/14,1.78,0,0,87,69,2.9
GHCND:USW00094728,NY CITY CENTRAL PARK NY US,7/4/14,0.14,0,0,74,65,5.4
GHCND:USW00094728,NY CITY CENTRAL PARK NY US,7/5/14,0,0,0,81,63,6.7
GHCND:USW00094728,NY CITY CENTRAL PARK NY US,7/6/14,0,0,0,84,66,4.9
GHCND:USW00094728,NY CITY CENTRAL PARK NY US,7/7/14,0.04,0,0,90,72,5.8
GHCND:USW00094728,NY CITY CENTRAL PARK NY US,7/8/14,0.39,0,0,91,71,4.7
GHCND:USW00094728,NY CITY CENTRAL PARK NY US,7/9/14,0.09,0,0,88,71,4.3
GHCND:USW00094728,NY CITY CENTRAL PARK NY US,7/10/14,0,0,0,83,72,2.9
GHCND:USW00094728,NY CITY CENTRAL PARK NY US,7/11/14,0,0,0,86,71,4
GHCND:USW00094728,NY CITY CENTRAL PARK NY US,7/12/14,0,0,0,85,71,3.4
GHCND:USW00094728,NY CITY CENTRAL PARK NY US,7/13/14,0.03,0,0,83,72,5.1
GHCND:USW00094728,NY CITY CENTRAL PARK NY US,7/14/14,0.46,0,0,84,72,4.5
GHCND:USW00094728,NY CITY CENTRAL PARK NY US,7/15/14,1.3,0,0,86,72,2.7
GHCND:USW00094728,NY CITY CENTRAL PARK NY US,7/16/14,0,0,0,81,68,3.8
GHCND:USW00094728,NY CITY CENTRAL PARK NY US,7/17/14,0,0,0,81,67,4
GHCND:USW00094728,NY CITY CENTRAL PARK NY US,7/18/14,0,0,0,81,64,4
GHCND:USW00094728,NY CITY CENTRAL PARK NY US,7/19/14,0,0,0,76,68,5.1
GHCND:USW00094728,NY CITY CENTRAL PARK NY US,7/20/14,0,0,0,80,66,4
GHCND:USW00094728,NY CITY CENTRAL PARK NY US,7/21/14,0,0,0,85,67,2
GHCND:USW00094728,NY CITY CENTRAL PARK NY US,7/22/14,0,0,0,86,71,3.8
GHCND:USW00094728,NY CITY CENTRAL PARK NY US,7/23/14,0.19,0,0,88,72,4.9
GHCND:USW00094728,NY CITY CENTRAL PARK NY US,7/24/14,0,0,0,80,70,4.9
GHCND:USW00094728,NY CITY CENTRAL PARK NY US,7/25/14,0,0,0,82,66,4.3
GHCND:USW00094728,NY CITY CENTRAL PARK NY US,7/26/14,0,0,0,81,69,4.3
GHCND:USW00094728,NY CITY CENTRAL PARK NY US,7/27/14,0.02,0,0,85,71,3.4
GHCND:USW00094728,NY CITY CENTRAL PARK NY US,7/28/14,0.19,0,0,82,68,7.4
GHCND:USW00094728,NY CITY CENTRAL PARK NY US,7/29/14,0,0,0,76,64,4.9
GHCND:USW00094728,NY CITY CENTRAL PARK NY US,7/30/14,0,0,0,80,63,2.9
GHCND:USW00094728,NY CITY CENTRAL PARK NY US,7/31/14,0,0,0,82,68,3.4
GHCND:USW00094728,NY CITY CENTRAL PARK NY US,8/1/14,0,0,0,84,71,3.8
GHCND:USW00094728,NY CITY CENTRAL PARK NY US,8/2/14,0.41,0,0,74,63,6
GHCND:USW00094728,NY CITY CENTRAL PARK NY US,8/3/14,0.07,0,0,76,66,2.2
GHCND:USW00094728,NY CITY CENTRAL PARK NY US,8/4/14,0,0,0,84,70,3.4
GHCND:USW00094728,NY CITY CENTRAL PARK NY US,8/5/14,0,0,0,90,71,2.5
GHCND:USW00094728,NY CITY CENTRAL PARK NY US,8/6/14,0,0,0,83,70,2.9
GHCND:USW00094728,NY CITY CENTRAL PARK NY US,8/7/14,0,0,0,83,66,4.3
GHCND:USW00094728,NY CITY CENTRAL PARK NY US,8/8/14,0,0,0,83,65,3.1
GHCND:USW00094728,NY CITY CENTRAL PARK NY US,8/9/14,0,0,0,87,66,2.9
GHCND:USW00094728,NY CITY CENTRAL PARK NY US,8/10/14,0,0,0,88,68,2.9
GHCND:USW00094728,NY CITY CENTRAL PARK NY US,8/11/14,0,0,0,87,71,3.1
GHCND:USW00094728,NY CITY CENTRAL PARK NY US,8/12/14,0.19,0,0,79,70,5.8
GHCND:USW00094728,NY CITY CENTRAL PARK NY US,8/13/14,0.53,0,0,82,68,5.6
GHCND:USW00094728,NY CITY CENTRAL PARK NY US,8/14/14,0,0,0,77,63,4.7
GHCND:USW00094728,NY CITY CENTRAL PARK NY US,8/15/14,0,0,0,73,61,5.4
GHCND:USW00094728,NY CITY CENTRAL PARK NY US,8/16/14,0,0,0,78,63,4
GHCND:USW00094728,NY CITY CENTRAL PARK NY US,8/17/14,0.01,0,0,82,66,3.6
GHCND:USW00094728,NY CITY CENTRAL PARK NY US,8/18/14,0,0,0,81,63,4.5
GHCND:USW00094728,NY CITY CENTRAL PARK NY US,8/19/14,0,0,0,83,63,3.8
GHCND:USW00094728,NY CITY CENTRAL PARK NY US,8/20/14,0,0,0,84,70,2.2
GHCND:USW00094728,NY CITY CENTRAL PARK NY US,8/21/14,0.35,0,0,83,65,3.6
GHCND:USW00094728,NY CITY CENTRAL PARK NY US,8/22/14,0.06,0,0,79,65,4.7
GHCND:USW00094728,NY CITY CENTRAL PARK NY US,8/23/14,0.01,0,0,77,67,4.7
GHCND:USW00094728,NY CITY CENTRAL PARK NY US,8/24/14,0,0,0,80,64,3.1
GHCND:USW00094728,NY CITY CENTRAL PARK NY US,8/25/14,0,0,0,88,64,2.7
GHCND:USW00094728,NY CITY CENTRAL PARK NY US,8/26/14,0,0,0,89,70,2.2
GHCND:USW00094728,NY CITY CENTRAL PARK NY US,8/27/14,0,0,0,90,70,3.4
GHCND:USW00094728,NY CITY CENTRAL PARK NY US,8/28/14,0,0,0,82,66,5.4
GHCND:USW00094728,NY CITY CENTRAL PARK NY US,8/29/14,0,0,0,80,61,3.4
GHCND:USW00094728,NY CITY CENTRAL PARK NY US,8/30/14,0,0,0,80,65,2.2
GHCND:USW00094728,NY CITY CENTRAL PARK NY US,8/31/14,0.62,0,0,90,73,3.4
GHCND:USW00094728,NY CITY CENTRAL PARK NY US,9/1/14,0,0,0,88,75,2.9
GHCND:USW00094728,NY CITY CENTRAL PARK NY US,9/2/14,0,0,0,92,77,5.4
GHCND:USW00094728,NY CITY CENTRAL PARK NY US,9/3/14,0,0,0,86,72,3.4
GHCND:USW00094728,NY CITY CENTRAL PARK NY US,9/4/14,0,0,0,87,69,2.7
GHCND:USW00094728,NY CITY CENTRAL PARK NY US,9/5/14,0,0,0,87,72,2.9
GHCND:USW00094728,NY CITY CENTRAL PARK NY US,9/6/14,0.11,0,0,91,67,4.7
GHCND:USW00094728,NY CITY CENTRAL PARK NY US,9/7/14,0,0,0,81,65,4.7
GHCND:USW00094728,NY CITY CENTRAL PARK NY US,9/8/14,0,0,0,75,65,7.6
GHCND:USW00094728,NY CITY CENTRAL PARK NY US,9/9/14,0,0,0,73,63,7.8
GHCND:USW00094728,NY CITY CENTRAL PARK NY US,9/10/14,0,0,0,80,63,5.8
GHCND:USW00094728,NY CITY CENTRAL PARK NY US,9/11/14,0,0,0,83,69,4.7
GHCND:USW00094728,NY CITY CENTRAL PARK NY US,9/12/14,0,0,0,78,62,5.1
GHCND:USW00094728,NY CITY CENTRAL PARK NY US,9/13/14,0.26,0,0,69,58,5.1
GHCND:USW00094728,NY CITY CENTRAL PARK NY US,9/14/14,0,0,0,71,53,3.1
GHCND:USW00094728,NY CITY CENTRAL PARK NY US,9/15/14,0,0,0,71,55,2.9
GHCND:USW00094728,NY CITY CENTRAL PARK NY US,9/16/14,0.37,0,0,70,58,2.2
GHCND:USW00094728,NY CITY CENTRAL PARK NY US,9/17/14,0,0,0,73,55,2.7
GHCND:USW00094728,NY CITY CENTRAL PARK NY US,9/18/14,0,0,0,76,57,2.7
GHCND:USW00094728,NY CITY CENTRAL PARK NY US,9/19/14,0,0,0,66,54,7.6
GHCND:USW00094728,NY CITY CENTRAL PARK NY US,9/20/14,0,0,0,75,57,2.9
GHCND:USW00094728,NY CITY CENTRAL PARK NY US,9/21/14,0.15,0,0,75,67,1.6
GHCND:USW00094728,NY CITY CENTRAL PARK NY US,9/22/14,0,0,0,71,55,6.7
GHCND:USW00094728,NY CITY CENTRAL PARK NY US,9/23/14,0,0,0,71,52,1.8
GHCND:USW00094728,NY CITY CENTRAL PARK NY US,9/24/14,0,0,0,71,58,5.6
GHCND:USW00094728,NY CITY CENTRAL PARK NY US,9/25/14,0.32,0,0,64,57,8.3
GHCND:USW00094728,NY CITY CENTRAL PARK NY US,9/26/14,0,0,0,77,58,4.3
GHCND:USW00094728,NY CITY CENTRAL PARK NY US,9/27/14,0,0,0,83,60,2.5
GHCND:USW00094728,NY CITY CENTRAL PARK NY US,9/28/14,0,0,0,84,64,1.8
GHCND:USW00094728,NY CITY CENTRAL PARK NY US,9/29/14,0,0,0,79,67,0.7
GHCND:USW00094728,NY CITY CENTRAL PARK NY US,9/30/14,0,0,0,71,62,4.7
GHCND:USW00094728,NY CITY CENTRAL PARK NY US,10/1/14,0.02,0,0,65,61,6
GHCND:USW00094728,NY CITY CENTRAL PARK NY US,10/2/14,0,0,0,70,61,4.7
GHCND:USW00094728,NY CITY CENTRAL PARK NY US,10/3/14,0,0,0,71,56,4.3
GHCND:USW00094728,NY CITY CENTRAL PARK NY US,10/4/14,1.18,0,0,69,52,6.7
GHCND:USW00094728,NY CITY CENTRAL PARK NY US,10/5/14,0,0,0,61,46,5.6
GHCND:USW00094728,NY CITY CENTRAL PARK NY US,10/6/14,0,0,0,69,50,3.8
GHCND:USW00094728,NY CITY CENTRAL PARK NY US,10/7/14,0.06,0,0,71,63,4.7
GHCND:USW00094728,NY CITY CENTRAL PARK NY US,10/8/14,0.04,0,0,73,62,7.2
GHCND:USW00094728,NY CITY CENTRAL PARK NY US,10/9/14,0,0,0,68,55,5.6
GHCND:USW00094728,NY CITY CENTRAL PARK NY US,10/10/14,0,0,0,64,52,2.2
GHCND:USW00094728,NY CITY CENTRAL PARK NY US,10/11/14,0.33,0,0,60,50,4.5
GHCND:USW00094728,NY CITY CENTRAL PARK NY US,10/12/14,0,0,0,63,48,2.7
GHCND:USW00094728,NY CITY CENTRAL PARK NY US,10/13/14,0.05,0,0,65,52,2.7
GHCND:USW00094728,NY CITY CENTRAL PARK NY US,10/14/14,0,0,0,76,63,4.7
GHCND:USW00094728,NY CITY CENTRAL PARK NY US,10/15/14,0.69,0,0,77,69,5.1
GHCND:USW00094728,NY CITY CENTRAL PARK NY US,10/16/14,1.11,0,0,71,61,4
GHCND:USW00094728,NY CITY CENTRAL PARK NY US,10/17/14,0,0,0,71,59,4.5
GHCND:USW00094728,NY CITY CENTRAL PARK NY US,10/18/14,0,0,0,70,56,6.3
GHCND:USW00094728,NY CITY CENTRAL PARK NY US,10/19/14,0,0,0,56,44,7.6
GHCND:USW00094728,NY CITY CENTRAL PARK NY US,10/20/14,0,0,0,60,42,3.8
GHCND:USW00094728,NY CITY CENTRAL PARK NY US,10/21/14,0.11,0,0,67,55,3.6
GHCND:USW00094728,NY CITY CENTRAL PARK NY US,10/22/14,1.51,0,0,58,50,9.4
GHCND:USW00094728,NY CITY CENTRAL PARK NY US,10/23/14,0.61,0,0,53,50,7.6
GHCND:USW00094728,NY CITY CENTRAL PARK NY US,10/24/14,0,0,0,63,51,4.5
GHCND:USW00094728,NY CITY CENTRAL PARK NY US,10/25/14,0.01,0,0,67,50,5.8
GHCND:USW00094728,NY CITY CENTRAL PARK NY US,10/26/14,0,0,0,63,53,7.8
GHCND:USW00094728,NY CITY CENTRAL PARK NY US,10/27/14,0,0,0,63,48,5.1
GHCND:USW00094728,NY CITY CENTRAL PARK NY US,10/28/14,0,0,0,72,53,2.9
GHCND:USW00094728,NY CITY CENTRAL PARK NY US,10/29/14,0,0,0,72,51,4.9
GHCND:USW00094728,NY CITY CENTRAL PARK NY US,10/30/14,0,0,0,59,47,3.6
GHCND:USW00094728,NY CITY CENTRAL PARK NY US,10/31/14,0.05,0,0,55,45,6.5
GHCND:USW00094728,NY CITY CENTRAL PARK NY US,11/1/14,0.35,0,0,47,42,8.9
GHCND:USW00094728,NY CITY CENTRAL PARK NY US,11/2/14,0,0,0,48,41,10.7
GHCND:USW00094728,NY CITY CENTRAL PARK NY US,11/3/14,0,0,0,61,39,5.8
GHCND:USW00094728,NY CITY CENTRAL PARK NY US,11/4/14,0,0,0,68,53,4.7
GHCND:USW00094728,NY CITY CENTRAL PARK NY US,11/5/14,0,0,0,64,56,4.5
GHCND:USW00094728,NY CITY CENTRAL PARK NY US,11/6/14,0.37,0,0,57,48,3.1
GHCND:USW00094728,NY CITY CENTRAL PARK NY US,11/7/14,0,0,0,53,40,7.4
GHCND:USW00094728,NY CITY CENTRAL PARK NY US,11/8/14,0,0,0,48,36,6
GHCND:USW00094728,NY CITY CENTRAL PARK NY US,11/9/14,0,0,0,57,46,2.7
GHCND:USW00094728,NY CITY CENTRAL PARK NY US,11/10/14,0,0,0,61,44,2.5
GHCND:USW00094728,NY CITY CENTRAL PARK NY US,11/11/14,0,0,0,64,49,3.4
GHCND:USW00094728,NY CITY CENTRAL PARK NY US,11/12/14,0,0,0,65,47,2.7
GHCND:USW00094728,NY CITY CENTRAL PARK NY US,11/13/14,0.2,0,0,48,36,3.6
GHCND:USW00094728,NY CITY CENTRAL PARK NY US,11/14/14,0.06,0,0,42,35,7.2
GHCND:USW00094728,NY CITY CENTRAL PARK NY US,11/15/14,0,0,0,42,33,3.6
GHCND:USW00094728,NY CITY CENTRAL PARK NY US,11/16/14,0.03,0,0,45,35,3.8
GHCND:USW00094728,NY CITY CENTRAL PARK NY US,11/17/14,1.54,0,0,52,40,3.8
GHCND:USW00094728,NY CITY CENTRAL PARK NY US,11/18/14,0,0,0,45,24,10.1
GHCND:USW00094728,NY CITY CENTRAL PARK NY US,11/19/14,0,0,0,36,22,7.2
GHCND:USW00094728,NY CITY CENTRAL PARK NY US,11/20/14,0,0,0,45,31,7.2
GHCND:USW00094728,NY CITY CENTRAL PARK NY US,11/21/14,0,0,0,37,28,7.6
GHCND:USW00094728,NY CITY CENTRAL PARK NY US,11/22/14,0,0,0,44,28,4.9
GHCND:USW00094728,NY CITY CENTRAL PARK NY US,11/23/14,0,0,0,57,43,3.8
GHCND:USW00094728,NY CITY CENTRAL PARK NY US,11/24/14,0.7,0,0,69,53,5.4
GHCND:USW00094728,NY CITY CENTRAL PARK NY US,11/25/14,0,0,0,68,51,5.1
GHCND:USW00094728,NY CITY CENTRAL PARK NY US,11/26/14,1.24,0,0.2,51,34,8.7
GHCND:USW00094728,NY CITY CENTRAL PARK NY US,11/27/14,0.02,0,0,38,34,5.1
GHCND:USW00094728,NY CITY CENTRAL PARK NY US,11/28/14,0,0,0,37,29,5.8
GHCND:USW00094728,NY CITY CENTRAL PARK NY US,11/29/14,0,0,0,45,27,3.6
GHCND:USW00094728,NY CITY CENTRAL PARK NY US,11/30/14,0,0,0,55,45,4.3
GHCND:USW00094728,NY CITY CENTRAL PARK NY US,12/1/14,0.09,0,0,65,42,6.7
GHCND:USW00094728,NY CITY CENTRAL PARK NY US,12/2/14,0.08,0,0,43,35,9.2
GHCND:USW00094728,NY CITY CENTRAL PARK NY US,12/3/14,0.06,0,0,46,41,7.6
GHCND:USW00094728,NY CITY CENTRAL PARK NY US,12/4/14,0,0,0,45,37,5.8
GHCND:USW00094728,NY CITY CENTRAL PARK NY US,12/5/14,0.51,0,0,44,34,6
GHCND:USW00094728,NY CITY CENTRAL PARK NY US,12/6/14,1.22,0,0,50,39,4
GHCND:USW00094728,NY CITY CENTRAL PARK NY US,12/7/14,0.04,0,0,42,30,11.9
GHCND:USW00094728,NY CITY CENTRAL PARK NY US,12/8/14,0,0,0,37,24,11.4
GHCND:USW00094728,NY CITY CENTRAL PARK NY US,12/9/14,2.54,0,0,42,36,10.3
GHCND:USW00094728,NY CITY CENTRAL PARK NY US,12/10/14,0.08,0,1,40,32,8.3
GHCND:USW00094728,NY CITY CENTRAL PARK NY US,12/11/14,0.01,1.2,0,38,31,7.6
GHCND:USW00094728,NY CITY CENTRAL PARK NY US,12/12/14,0,0,0,38,32,8.1
GHCND:USW00094728,NY CITY CENTRAL PARK NY US,12/13/14,0,0,0,44,34,8.9
GHCND:USW00094728,NY CITY CENTRAL PARK NY US,12/14/14,0,0,0,46,38,6
GHCND:USW00094728,NY CITY CENTRAL PARK NY US,12/15/14,0,0,0,48,37,2.7
GHCND:USW00094728,NY CITY CENTRAL PARK NY US,12/16/14,0.2,0,0,49,38,3.8
GHCND:USW00094728,NY CITY CENTRAL PARK NY US,12/17/14,0.02,0,0,54,42,5.8
GHCND:USW00094728,NY CITY CENTRAL PARK NY US,12/18/14,0,0,0,42,37,8.7
GHCND:USW00094728,NY CITY CENTRAL PARK NY US,12/19/14,0,0,0,38,31,7.2
GHCND:USW00094728,NY CITY CENTRAL PARK NY US,12/20/14,0,0,0,33,30,4.9
GHCND:USW00094728,NY CITY CENTRAL PARK NY US,12/21/14,0,0,0,36,31,4.9
GHCND:USW00094728,NY CITY CENTRAL PARK NY US,12/22/14,0.04,0,0,44,35,6
GHCND:USW00094728,NY CITY CENTRAL PARK NY US,12/23/14,0.16,0,0,46,43,8.3
GHCND:USW00094728,NY CITY CENTRAL PARK NY US,12/24/14,0.8,0,0,58,44,5.8
GHCND:USW00094728,NY CITY CENTRAL PARK NY US,12/25/14,0.09,0,0,62,44,9.6
GHCND:USW00094728,NY CITY CENTRAL PARK NY US,12/26/14,0,0,0,50,40,5.8
GHCND:USW00094728,NY CITY CENTRAL PARK NY US,12/27/14,0,0,0,55,44,4.5
GHCND:USW00094728,NY CITY CENTRAL PARK NY US,12/28/14,0.1,0,0,54,43,5.8
GHCND:USW00094728,NY CITY CENTRAL PARK NY US,12/29/14,0,0,0,44,34,5.1
GHCND:USW00094728,NY CITY CENTRAL PARK NY US,12/30/14,0,0,0,34,28,4.3
GHCND:USW00094728,NY CITY CENTRAL PARK NY US,12/31/14,0,0,0,32,27,5.6
GHCND:USW00094728,NY CITY CENTRAL PARK NY US,1/1/15,0,0,0,39,27,7.2
GHCND:USW00094728,NY CITY CENTRAL PARK NY US,1/2/15,0,0,0,42,35,7.2
GHCND:USW00094728,NY CITY CENTRAL PARK NY US,1/3/15,0.71,0,0,42,33,6.5
GHCND:USW00094728,NY CITY CENTRAL PARK NY US,1/4/15,0.3,0,0,56,41,6.5
GHCND:USW00094728,NY CITY CENTRAL PARK NY US,1/5/15,0,0,0,49,21,10.5
GHCND:USW00094728,NY CITY CENTRAL PARK NY US,1/6/15,0.05,0,1,22,19,4
GHCND:USW00094728,NY CITY CENTRAL PARK NY US,1/7/15,0,1.2,0,23,9,12.8
GHCND:USW00094728,NY CITY CENTRAL PARK NY US,1/8/15,0,0,0,21,8,8.7
GHCND:USW00094728,NY CITY CENTRAL PARK NY US,1/9/15,0.07,0,1.5,33,19,8.7
GHCND:USW00094728,NY CITY CENTRAL PARK NY US,1/10/15,0,1.2,0,23,16,8.1
GHCND:USW00094728,NY CITY CENTRAL PARK NY US,1/11/15,0,1.2,0,37,18,6
GHCND:USW00094728,NY CITY CENTRAL PARK NY US,1/12/15,0.36,0,0,39,35,3.8
GHCND:USW00094728,NY CITY CENTRAL PARK NY US,1/13/15,0,0,0,36,17,8.5
GHCND:USW00094728,NY CITY CENTRAL PARK NY US,1/14/15,0,0,0,32,16,6.3
GHCND:USW00094728,NY CITY CENTRAL PARK NY US,1/15/15,0,0,0,35,25,4.7
GHCND:USW00094728,NY CITY CENTRAL PARK NY US,1/16/15,0,0,0,43,20,9.8
GHCND:USW00094728,NY CITY CENTRAL PARK NY US,1/17/15,0,0,0,32,17,6
GHCND:USW00094728,NY CITY CENTRAL PARK NY US,1/18/15,2.1,0,0,42,31,3.8
GHCND:USW00094728,NY CITY CENTRAL PARK NY US,1/19/15,0,0,0,42,36,7.6
GHCND:USW00094728,NY CITY CENTRAL PARK NY US,1/20/15,0,0,0,40,32,5.8
GHCND:USW00094728,NY CITY CENTRAL PARK NY US,1/21/15,0,0,0,36,25,4.3
GHCND:USW00094728,NY CITY CENTRAL PARK NY US,1/22/15,0,0,0,40,31,5.6
GHCND:USW00094728,NY CITY CENTRAL PARK NY US,1/23/15,0,0,0,39,28,5.6
GHCND:USW00094728,NY CITY CENTRAL PARK NY US,1/24/15,0.72,3.1,3.6,39,33,6
GHCND:USW00094728,NY CITY CENTRAL PARK NY US,1/25/15,0,2,0,42,31,6.3
GHCND:USW00094728,NY CITY CENTRAL PARK NY US,1/26/15,0.48,2,5.5,31,22,12.8
GHCND:USW00094728,NY CITY CENTRAL PARK NY US,1/27/15,0.36,7.9,4.3,30,20,8.3
GHCND:USW00094728,NY CITY CENTRAL PARK NY US,1/28/15,0,7.9,0,34,16,7.6
GHCND:USW00094728,NY CITY CENTRAL PARK NY US,1/29/15,0.02,5.9,0,36,19,3.8
GHCND:USW00094728,NY CITY CENTRAL PARK NY US,1/30/15,0.06,7.1,1,38,19,10.5
GHCND:USW00094728,NY CITY CENTRAL PARK NY US,1/31/15,0,7.1,0,26,13,12.3
GHCND:USW00094728,NY CITY CENTRAL PARK NY US,2/1/15,0.03,5.9,0.3,36,20,3.8
GHCND:USW00094728,NY CITY CENTRAL PARK NY US,2/2/15,1.02,7.1,5,34,14,9.8
GHCND:USW00094728,NY CITY CENTRAL PARK NY US,2/3/15,0,7.9,0,26,13,7.2
GHCND:USW00094728,NY CITY CENTRAL PARK NY US,2/4/15,0,7.9,0,43,24,4.3
GHCND:USW00094728,NY CITY CENTRAL PARK NY US,2/5/15,0,7.9,0,42,14,8.5
GHCND:USW00094728,NY CITY CENTRAL PARK NY US,2/6/15,0,7.9,0,27,12,7.2
GHCND:USW00094728,NY CITY CENTRAL PARK NY US,2/7/15,0.02,7.9,0,40,25,3.8
GHCND:USW00094728,NY CITY CENTRAL PARK NY US,2/8/15,0,7.9,0,37,29,8.5
GHCND:USW00094728,NY CITY CENTRAL PARK NY US,2/9/15,0.09,7.9,0,29,25,11
GHCND:USW00094728,NY CITY CENTRAL PARK NY US,2/10/15,0.01,7.9,0.1,40,26,10.5
GHCND:USW00094728,NY CITY CENTRAL PARK NY US,2/11/15,0,7.9,0,34,22,6.5
GHCND:USW00094728,NY CITY CENTRAL PARK NY US,2/12/15,0,7.9,0,40,16,7.4
GHCND:USW00094728,NY CITY CENTRAL PARK NY US,2/13/15,0,7.9,0,21,8,9.2
GHCND:USW00094728,NY CITY CENTRAL PARK NY US,2/14/15,0.02,7.9,0.9,32,16,5.4
GHCND:USW00094728,NY CITY CENTRAL PARK NY US,2/15/15,0,9.1,0,25,4,14.5
GHCND:USW00094728,NY CITY CENTRAL PARK NY US,2/16/15,0,9.1,0,21,3,6.9
GHCND:USW00094728,NY CITY CENTRAL PARK NY US,2/17/15,0.14,11.8,3.3,27,14,4.7
GHCND:USW00094728,NY CITY CENTRAL PARK NY US,2/18/15,0,9.1,0,33,19,4.3
GHCND:USW00094728,NY CITY CENTRAL PARK NY US,2/19/15,0,9.1,0,27,8,11.4
GHCND:USW00094728,NY CITY CENTRAL PARK NY US,2/20/15,0,9.1,0,19,2,10.3
GHCND:USW00094728,NY CITY CENTRAL PARK NY US,2/21/15,0.61,9.1,3,32,13,4.5
GHCND:USW00094728,NY CITY CENTRAL PARK NY US,2/22/15,0.1,13,1,43,32,2.9
GHCND:USW00094728,NY CITY CENTRAL PARK NY US,2/23/15,0,11.8,0,38,8,11.2
GHCND:USW00094728,NY CITY CENTRAL PARK NY US,2/24/15,0,11.8,0,24,4,5.8
GHCND:USW00094728,NY CITY CENTRAL PARK NY US,2/25/15,0,11.8,0,37,20,6.5
GHCND:USW00094728,NY CITY CENTRAL PARK NY US,2/26/15,0,11,0,32,21,7.2
GHCND:USW00094728,NY CITY CENTRAL PARK NY US,2/27/15,0,11,0,30,18,6
GHCND:USW00094728,NY CITY CENTRAL PARK NY US,2/28/15,0,11,0,29,13,3.6
GHCND:USW00094728,NY CITY CENTRAL PARK NY US,3/1/15,0.52,9.8,4.8,31,24,2.2
GHCND:USW00094728,NY CITY CENTRAL PARK NY US,3/2/15,0,15,0,39,27,8.1
GHCND:USW00094728,NY CITY CENTRAL PARK NY US,3/3/15,0.67,14.2,1.8,37,22,4.9
GHCND:USW00094728,NY CITY CENTRAL PARK NY US,3/4/15,0.25,13,0,45,35,6
GHCND:USW00094728,NY CITY CENTRAL PARK NY US,3/5/15,0.76,13,7.5,40,19,5.8
GHCND:USW00094728,NY CITY CENTRAL PARK NY US,3/6/15,0,18.9,0,27,12,6.3
GHCND:USW00094728,NY CITY CENTRAL PARK NY US,3/7/15,0,18.1,0,38,18,5.1
GHCND:USW00094728,NY CITY CENTRAL PARK NY US,3/8/15,0,16.1,0,49,37,5.1
GHCND:USW00094728,NY CITY CENTRAL PARK NY US,3/9/15,0.01,13,0,54,40,4.7
GHCND:USW00094728,NY CITY CENTRAL PARK NY US,3/10/15,0.46,11,0,53,39,3.6
GHCND:USW00094728,NY CITY CENTRAL PARK NY US,3/11/15,0.01,5.9,0,59,44,6.9
GHCND:USW00094728,NY CITY CENTRAL PARK NY US,3/12/15,0,3.9,0,47,36,8.3
GHCND:USW00094728,NY CITY CENTRAL PARK NY US,3/13/15,0,2,0,43,31,6.5
GHCND:USW00094728,NY CITY CENTRAL PARK NY US,3/14/15,0.81,1.2,0,51,40,5.6
GHCND:USW00094728,NY CITY CENTRAL PARK NY US,3/15/15,0,0,0,44,36,11.4
GHCND:USW00094728,NY CITY CENTRAL PARK NY US,3/16/15,0,0,0,52,35,3.8
GHCND:USW00094728,NY CITY CENTRAL PARK NY US,3/17/15,0.02,0,0,57,34,9.6
GHCND:USW00094728,NY CITY CENTRAL PARK NY US,3/18/15,0,0,0,39,29,9.6
GHCND:USW00094728,NY CITY CENTRAL PARK NY US,3/19/15,0,0,0,43,29,5.8
GHCND:USW00094728,NY CITY CENTRAL PARK NY US,3/20/15,0.4,0,4.5,38,29,7.8
GHCND:USW00094728,NY CITY CENTRAL PARK NY US,3/21/15,0,5.1,0,47,29,5.4
GHCND:USW00094728,NY CITY CENTRAL PARK NY US,3/22/15,0,0,0,43,28,7.6
GHCND:USW00094728,NY CITY CENTRAL PARK NY US,3/23/15,0,0,0,38,23,6.7
GHCND:USW00094728,NY CITY CENTRAL PARK NY US,3/24/15,0,0,0,45,26,4
GHCND:USW00094728,NY CITY CENTRAL PARK NY US,3/25/15,0.05,0,0,49,34,4.5
GHCND:USW00094728,NY CITY CENTRAL PARK NY US,3/26/15,0.32,0,0,62,42,2.9
GHCND:USW00094728,NY CITY CENTRAL PARK NY US,3/27/15,0.27,0,0,46,39,4.3
GHCND:USW00094728,NY CITY CENTRAL PARK NY US,3/28/15,0,0,0,40,26,7.6
GHCND:USW00094728,NY CITY CENTRAL PARK NY US,3/29/15,0,0,0,46,25,6.3
GHCND:USW00094728,NY CITY CENTRAL PARK NY US,3/30/15,0,0,0,54,36,7.8
GHCND:USW00094728,NY CITY CENTRAL PARK NY US,3/31/15,0.17,0,0,47,35,5.4
GHCND:USW00094728,NY CITY CENTRAL PARK NY US,4/1/15,0,0,0,51,32,5.1
GHCND:USW00094728,NY CITY CENTRAL PARK NY US,4/2/15,0,0,0,67,41,6.3
GHCND:USW00094728,NY CITY CENTRAL PARK NY US,4/3/15,0.04,0,0,64,59,6.7
GHCND:USW00094728,NY CITY CENTRAL PARK NY US,4/4/15,0.01,0,0,60,42,10.1
GHCND:USW00094728,NY CITY CENTRAL PARK NY US,4/5/15,0,0,0,61,42,4.9
GHCND:USW00094728,NY CITY CENTRAL PARK NY US,4/6/15,0,0,0,63,42,4.3
GHCND:USW00094728,NY CITY CENTRAL PARK NY US,4/7/15,0.15,0,0,62,42,6.9
GHCND:USW00094728,NY CITY CENTRAL PARK NY US,4/8/15,0,0,0,45,37,11.4
GHCND:USW00094728,NY CITY CENTRAL PARK NY US,4/9/15,0,0,0,43,37,8.9
GHCND:USW00094728,NY CITY CENTRAL PARK NY US,4/10/15,0.17,0,0,56,39,4.7
GHCND:USW00094728,NY CITY CENTRAL PARK NY US,4/11/15,0,0,0,57,44,8.7
GHCND:USW00094728,NY CITY CENTRAL PARK NY US,4/12/15,0,0,0,66,43,3.4
GHCND:USW00094728,NY CITY CENTRAL PARK NY US,4/13/15,0,0,0,68,50,4.7
GHCND:USW00094728,NY CITY CENTRAL PARK NY US,4/14/15,0.01,0,0,65,55,3.8
GHCND:USW00094728,NY CITY CENTRAL PARK NY US,4/15/15,0,0,0,72,51,6.3
GHCND:USW00094728,NY CITY CENTRAL PARK NY US,4/16/15,0,0,0,64,52,6.5
GHCND:USW00094728,NY CITY CENTRAL PARK NY US,4/17/15,0.08,0,0,71,55,5.1
GHCND:USW00094728,NY CITY CENTRAL PARK NY US,4/18/15,0,0,0,80,59,4.3
GHCND:USW00094728,NY CITY CENTRAL PARK NY US,4/19/15,0,0,0,64,48,8.5
GHCND:USW00094728,NY CITY CENTRAL PARK NY US,4/20/15,1.37,0,0,57,46,7.4
GHCND:USW00094728,NY CITY CENTRAL PARK NY US,4/21/15,0.2,0,0,65,52,6
GHCND:USW00094728,NY CITY CENTRAL PARK NY US,4/22/15,0.05,0,0,69,48,6.5
GHCND:USW00094728,NY CITY CENTRAL PARK NY US,4/23/15,0,0,0,52,41,9.2
GHCND:USW00094728,NY CITY CENTRAL PARK NY US,4/24/15,0,0,0,52,39,8.5
GHCND:USW00094728,NY CITY CENTRAL PARK NY US,4/25/15,0,0,0,62,38,5.6
GHCND:USW00094728,NY CITY CENTRAL PARK NY US,4/26/15,0,0,0,64,46,5.1
GHCND:USW00094728,NY CITY CENTRAL PARK NY US,4/27/15,0,0,0,62,49,5.8
GHCND:USW00094728,NY CITY CENTRAL PARK NY US,4/28/15,0,0,0,71,50,7.8
GHCND:USW00094728,NY CITY CENTRAL PARK NY US,4/29/15,0,0,0,78,50,5.6
GHCND:USW00094728,NY CITY CENTRAL PARK NY US,4/30/15,0,0,0,67,48,8.1
GHCND:USW00094728,NY CITY CENTRAL PARK NY US,5/1/15,0,0,0,63,49,5.1
GHCND:USW00094728,NY CITY CENTRAL PARK NY US,5/2/15,0,0,0,74,48,2.9
GHCND:USW00094728,NY CITY CENTRAL PARK NY US,5/3/15,0,0,0,80,51,2.5
GHCND:USW00094728,NY CITY CENTRAL PARK NY US,5/4/15,0,0,0,85,57,5.4
GHCND:USW00094728,NY CITY CENTRAL PARK NY US,5/5/15,0,0,0,85,66,4
GHCND:USW00094728,NY CITY CENTRAL PARK NY US,5/6/15,0,0,0,73,59,4.9
GHCND:USW00094728,NY CITY CENTRAL PARK NY US,5/7/15,0,0,0,80,56,2.2
GHCND:USW00094728,NY CITY CENTRAL PARK NY US,5/8/15,0,0,0,82,56,2.9
GHCND:USW00094728,NY CITY CENTRAL PARK NY US,5/9/15,0,0,0,70,57,4.3
GHCND:USW00094728,NY CITY CENTRAL PARK NY US,5/10/15,0,0,0,83,61,3.6
GHCND:USW00094728,NY CITY CENTRAL PARK NY US,5/11/15,0,0,0,84,70,3.8
GHCND:USW00094728,NY CITY CENTRAL PARK NY US,5/12/15,0,0,0,86,64,5.4
GHCND:USW00094728,NY CITY CENTRAL PARK NY US,5/13/15,0,0,0,70,53,7.4
GHCND:USW00094728,NY CITY CENTRAL PARK NY US,5/14/15,0,0,0,73,50,3.8
GHCND:USW00094728,NY CITY CENTRAL PARK NY US,5/15/15,0,0,0,75,55,3.4
GHCND:USW00094728,NY CITY CENTRAL PARK NY US,5/16/15,0.3,0,0,75,57,2
GHCND:USW00094728,NY CITY CENTRAL PARK NY US,5/17/15,0.02,0,0,83,64,2
GHCND:USW00094728,NY CITY CENTRAL PARK NY US,5/18/15,0,0,0,75,60,4.7
GHCND:USW00094728,NY CITY CENTRAL PARK NY US,5/19/15,0,0,0,80,59,2.5
GHCND:USW00094728,NY CITY CENTRAL PARK NY US,5/20/15,0,0,0,67,54,6.9
GHCND:USW00094728,NY CITY CENTRAL PARK NY US,5/21/15,0,0,0,62,52,2.7
GHCND:USW00094728,NY CITY CENTRAL PARK NY US,5/22/15,0,0,0,74,55,6
GHCND:USW00094728,NY CITY CENTRAL PARK NY US,5/23/15,0,0,0,70,49,4.5
GHCND:USW00094728,NY CITY CENTRAL PARK NY US,5/24/15,0,0,0,81,56,3.8
GHCND:USW00094728,NY CITY CENTRAL PARK NY US,5/25/15,0,0,0,85,64,4.9
GHCND:USW00094728,NY CITY CENTRAL PARK NY US,5/26/15,0,0,0,88,67,5.1
GHCND:USW00094728,NY CITY CENTRAL PARK NY US,5/27/15,0.08,0,0,85,70,5.1
GHCND:USW00094728,NY CITY CENTRAL PARK NY US,5/28/15,0,0,0,85,70,4
GHCND:USW00094728,NY CITY CENTRAL PARK NY US,5/29/15,0,0,0,85,65,4
GHCND:USW00094728,NY CITY CENTRAL PARK NY US,5/30/15,0,0,0,85,67,5.6
GHCND:USW00094728,NY CITY CENTRAL PARK NY US,5/31/15,1.46,0,0,87,57,5.6
GHCND:USW00094728,NY CITY CENTRAL PARK NY US,6/1/15,0.72,0,0,58,51,10.3
GHCND:USW00094728,NY CITY CENTRAL PARK NY US,6/2/15,0.37,0,0,55,50,6.3
GHCND:USW00094728,NY CITY CENTRAL PARK NY US,6/3/15,0,0,0,70,52,4.7
GHCND:USW00094728,NY CITY CENTRAL PARK NY US,6/4/15,0,0,0,65,54,5.1
GHCND:USW00094728,NY CITY CENTRAL PARK NY US,6/5/15,0.13,0,0,70,55,2.9
GHCND:USW00094728,NY CITY CENTRAL PARK NY US,6/6/15,0.19,0,0,76,60,4.7
GHCND:USW00094728,NY CITY CENTRAL PARK NY US,6/7/15,0,0,0,74,55,3.8
GHCND:USW00094728,NY CITY CENTRAL PARK NY US,6/8/15,0.06,0,0,79,63,6
GHCND:USW00094728,NY CITY CENTRAL PARK NY US,6/9/15,0.01,0,0,83,68,4.9
GHCND:USW00094728,NY CITY CENTRAL PARK NY US,6/10/15,0,0,0,82,65,3.1
GHCND:USW00094728,NY CITY CENTRAL PARK NY US,6/11/15,0,0,0,89,72,4.5
GHCND:USW00094728,NY CITY CENTRAL PARK NY US,6/12/15,0,0,0,88,73,4.5
GHCND:USW00094728,NY CITY CENTRAL PARK NY US,6/13/15,0,0,0,86,72,5.4
GHCND:USW00094728,NY CITY CENTRAL PARK NY US,6/14/15,0.36,0,0,88,66,2.7
GHCND:USW00094728,NY CITY CENTRAL PARK NY US,6/15/15,0.57,0,0,83,64,4.7
GHCND:USW00094728,NY CITY CENTRAL PARK NY US,6/16/15,0.27,0,0,79,65,2.2
GHCND:USW00094728,NY CITY CENTRAL PARK NY US,6/17/15,0,0,0,82,66,3.8
GHCND:USW00094728,NY CITY CENTRAL PARK NY US,6/18/15,0,0,0,71,64,3.6
GHCND:USW00094728,NY CITY CENTRAL PARK NY US,6/19/15,0,0,0,87,68,3.8
GHCND:USW00094728,NY CITY CENTRAL PARK NY US,6/20/15,0,0,0,75,64,5.4
GHCND:USW00094728,NY CITY CENTRAL PARK NY US,6/21/15,0.64,0,0,88,71,4.5
GHCND:USW00094728,NY CITY CENTRAL PARK NY US,6/22/15,0,0,0,87,70,4.9
GHCND:USW00094728,NY CITY CENTRAL PARK NY US,6/23/15,0.02,0,0,90,75,5.8
GHCND:USW00094728,NY CITY CENTRAL PARK NY US,6/24/15,0,0,0,84,68,4.7
GHCND:USW00094728,NY CITY CENTRAL PARK NY US,6/25/15,0,0,0,83,65,3.1
GHCND:USW00094728,NY CITY CENTRAL PARK NY US,6/26/15,0,0,0,81,69,4.5
GHCND:USW00094728,NY CITY CENTRAL PARK NY US,6/27/15,1.12,0,0,71,58,7.4
GHCND:USW00094728,NY CITY CENTRAL PARK NY US,6/28/15,0.29,0,0,73,62,5.4
GHCND:USW00094728,NY CITY CENTRAL PARK NY US,6/29/15,0,0,0,76,63,4.9
GHCND:USW00094728,NY CITY CENTRAL PARK NY US,6/30/15,0.04,0,0,82,68,4.9
GHCND:USW00094728,NY CITY CENTRAL PARK NY US,7/1/15,0.39,0,0,82,69,4.3
GHCND:USW00094728,NY CITY CENTRAL PARK NY US,7/2/15,0,0,0,80,69,1.1
GHCND:USW00094728,NY CITY CENTRAL PARK NY US,7/3/15,0,0,0,82,66,2.9
GHCND:USW00094728,NY CITY CENTRAL PARK NY US,7/4/15,0,0,0,75,69,3.4
GHCND:USW00094728,NY CITY CENTRAL PARK NY US,7/5/15,0,0,0,83,68,1.6
GHCND:USW00094728,NY CITY CENTRAL PARK NY US,7/6/15,0,0,0,83,72,2.9
GHCND:USW00094728,NY CITY CENTRAL PARK NY US,7/7/15,0.12,0,0,88,75,4.9
GHCND:USW00094728,NY CITY CENTRAL PARK NY US,7/8/15,0,0,0,88,77,3.1
GHCND:USW00094728,NY CITY CENTRAL PARK NY US,7/9/15,0.3,0,0,79,68,4.7
GHCND:USW00094728,NY CITY CENTRAL PARK NY US,7/10/15,0,0,0,84,72,4.7
GHCND:USW00094728,NY CITY CENTRAL PARK NY US,7/11/15,0,0,0,88,69,2.5
GHCND:USW00094728,NY CITY CENTRAL PARK NY US,7/12/15,0,0,0,89,72,2
GHCND:USW00094728,NY CITY CENTRAL PARK NY US,7/13/15,0,0,0,88,73,2.7
GHCND:USW00094728,NY CITY CENTRAL PARK NY US,7/14/15,0.42,0,0,82,73,2.7
GHCND:USW00094728,NY CITY CENTRAL PARK NY US,7/15/15,0.12,0,0,81,72,4.5
GHCND:USW00094728,NY CITY CENTRAL PARK NY US,7/16/15,0,0,0,80,64,5.6
GHCND:USW00094728,NY CITY CENTRAL PARK NY US,7/17/15,0,0,0,81,67,3.8
GHCND:USW00094728,NY CITY CENTRAL PARK NY US,7/18/15,0.32,0,0,85,71,4.5
GHCND:USW00094728,NY CITY CENTRAL PARK NY US,7/19/15,0,0,0,93,78,3.1
GHCND:USW00094728,NY CITY CENTRAL PARK NY US,7/20/15,0,0,0,94,82,4.5
GHCND:USW00094728,NY CITY CENTRAL PARK NY US,7/21/15,0,0,0,89,74,2.5
GHCND:USW00094728,NY CITY CENTRAL PARK NY US,7/22/15,0,0,0,85,69,5.8
GHCND:USW00094728,NY CITY CENTRAL PARK NY US,7/23/15,0,0,0,86,68,3.8
GHCND:USW00094728,NY CITY CENTRAL PARK NY US,7/24/15,0,0,0,87,70,2
GHCND:USW00094728,NY CITY CENTRAL PARK NY US,7/25/15,0,0,0,88,69,3.1
GHCND:USW00094728,NY CITY CENTRAL PARK NY US,7/26/15,0,0,0,90,74,4.5
GHCND:USW00094728,NY CITY CENTRAL PARK NY US,7/27/15,0.36,0,0,86,71,2.9
GHCND:USW00094728,NY CITY CENTRAL PARK NY US,7/28/15,0,0,0,95,75,2.7
GHCND:USW00094728,NY CITY CENTRAL PARK NY US,7/29/15,0,0,0,96,78,3.8
GHCND:USW00094728,NY CITY CENTRAL PARK NY US,7/30/15,1.95,0,0,87,76,4.3
GHCND:USW00094728,NY CITY CENTRAL PARK NY US,7/31/15,0,0,0,89,72,3.4
GHCND:USW00094728,NY CITY CENTRAL PARK NY US,8/1/15,0,0,0,89,75,4.5
GHCND:USW00094728,NY CITY CENTRAL PARK NY US,8/2/15,0,0,0,89,71,2
GHCND:USW00094728,NY CITY CENTRAL PARK NY US,8/3/15,0,0,0,90,75,4.9
GHCND:USW00094728,NY CITY CENTRAL PARK NY US,8/4/15,0.43,0,0,89,69,5.4
GHCND:USW00094728,NY CITY CENTRAL PARK NY US,8/5/15,0,0,0,87,72,2.9
GHCND:USW00094728,NY CITY CENTRAL PARK NY US,8/6/15,0,0,0,83,67,2.5
GHCND:USW00094728,NY CITY CENTRAL PARK NY US,8/7/15,0,0,0,84,69,5.4
GHCND:USW00094728,NY CITY CENTRAL PARK NY US,8/8/15,0,0,0,82,68,3.8
GHCND:USW00094728,NY CITY CENTRAL PARK NY US,8/9/15,0,0,0,85,68,3.8
GHCND:USW00094728,NY CITY CENTRAL PARK NY US,8/10/15,0,0,0,84,70,4.5
GHCND:USW00094728,NY CITY CENTRAL PARK NY US,8/11/15,1.17,0,0,81,71,4.3
GHCND:USW00094728,NY CITY CENTRAL PARK NY US,8/12/15,0,0,0,85,71,4.7
GHCND:USW00094728,NY CITY CENTRAL PARK NY US,8/13/15,0,0,0,83,67,3.1
GHCND:USW00094728,NY CITY CENTRAL PARK NY US,8/14/15,0,0,0,88,67,2.9
GHCND:USW00094728,NY CITY CENTRAL PARK NY US,8/15/15,0,0,0,92,73,3.4
GHCND:USW00094728,NY CITY CENTRAL PARK NY US,8/16/15,0,0,0,93,76,1.6
GHCND:USW00094728,NY CITY CENTRAL PARK NY US,8/17/15,0,0,0,95,78,3.4
GHCND:USW00094728,NY CITY CENTRAL PARK NY US,8/18/15,0.29,0,0,90,73,4
GHCND:USW00094728,NY CITY CENTRAL PARK NY US,8/19/15,0,0,0,87,77,4
GHCND:USW00094728,NY CITY CENTRAL PARK NY US,8/20/15,0.01,0,0,86,77,5.6
GHCND:USW00094728,NY CITY CENTRAL PARK NY US,8/21/15,0.32,0,0,87,71,4.3
GHCND:USW00094728,NY CITY CENTRAL PARK NY US,8/22/15,0,0,0,86,69,4.5
GHCND:USW00094728,NY CITY CENTRAL PARK NY US,8/23/15,0,0,0,85,70,4
GHCND:USW00094728,NY CITY CENTRAL PARK NY US,8/24/15,0,0,0,87,73,2.5
GHCND:USW00094728,NY CITY CENTRAL PARK NY US,8/25/15,0,0,0,90,73,3.8
GHCND:USW00094728,NY CITY CENTRAL PARK NY US,8/26/15,0,0,0,85,67,3.8
GHCND:USW00094728,NY CITY CENTRAL PARK NY US,8/27/15,0,0,0,82,67,3.1
GHCND:USW00094728,NY CITY CENTRAL PARK NY US,8/28/15,0,0,0,82,63,2.5
GHCND:USW00094728,NY CITY CENTRAL PARK NY US,8/29/15,0,0,0,87,67,2
GHCND:USW00094728,NY CITY CENTRAL PARK NY US,8/30/15,0.13,0,0,90,72,4
GHCND:USW00094728,NY CITY CENTRAL PARK NY US,8/31/15,0,0,0,91,76,4.5
GHCND:USW00094728,NY CITY CENTRAL PARK NY US,9/1/15,0,0,0,90,76,2.2
GHCND:USW00094728,NY CITY CENTRAL PARK NY US,9/2/15,0,0,0,91,74,1.8
GHCND:USW00094728,NY CITY CENTRAL PARK NY US,9/3/15,0,0,0,93,74,2
GHCND:USW00094728,NY CITY CENTRAL PARK NY US,9/4/15,0,0,0,85,72,6.9
GHCND:USW00094728,NY CITY CENTRAL PARK NY US,9/5/15,0,0,0,83,67,4
GHCND:USW00094728,NY CITY CENTRAL PARK NY US,9/6/15,0,0,0,87,65,1.3
GHCND:USW00094728,NY CITY CENTRAL PARK NY US,9/7/15,0,0,0,92,70,4.3
GHCND:USW00094728,NY CITY CENTRAL PARK NY US,9/8/15,0,0,0,97,76,4.9
GHCND:USW00094728,NY CITY CENTRAL PARK NY US,9/9/15,0,0,0,90,76,3.8
GHCND:USW00094728,NY CITY CENTRAL PARK NY US,9/10/15,1.58,0,0,79,70,6.3
GHCND:USW00094728,NY CITY CENTRAL PARK NY US,9/11/15,0,0,0,81,66,5.1
GHCND:USW00094728,NY CITY CENTRAL PARK NY US,9/12/15,0.29,0,0,79,69,4.3
GHCND:USW00094728,NY CITY CENTRAL PARK NY US,9/13/15,0.04,0,0,80,62,6.3
GHCND:USW00094728,NY CITY CENTRAL PARK NY US,9/14/15,0,0,0,77,59,6.5
GHCND:USW00094728,NY CITY CENTRAL PARK NY US,9/15/15,0,0,0,84,62,2.2
GHCND:USW00094728,NY CITY CENTRAL PARK NY US,9/16/15,0,0,0,88,66,1.3
GHCND:USW00094728,NY CITY CENTRAL PARK NY US,9/17/15,0,0,0,89,68,2.2
GHCND:USW00094728,NY CITY CENTRAL PARK NY US,9/18/15,0,0,0,87,68,2
GHCND:USW00094728,NY CITY CENTRAL PARK NY US,9/19/15,0,0,0,83,68,2.7
GHCND:USW00094728,NY CITY CENTRAL PARK NY US,9/20/15,0,0,0,79,64,7.8
GHCND:USW00094728,NY CITY CENTRAL PARK NY US,9/21/15,0,0,0,73,59,7.6
GHCND:USW00094728,NY CITY CENTRAL PARK NY US,9/22/15,0,0,0,71,62,6.9
GHCND:USW00094728,NY CITY CENTRAL PARK NY US,9/23/15,0,0,0,80,59,2.9
GHCND:USW00094728,NY CITY CENTRAL PARK NY US,9/24/15,0,0,0,82,60,4.3
GHCND:USW00094728,NY CITY CENTRAL PARK NY US,9/25/15,0,0,0,76,63,6.3
GHCND:USW00094728,NY CITY CENTRAL PARK NY US,9/26/15,0,0,0,72,61,6
GHCND:USW00094728,NY CITY CENTRAL PARK NY US,9/27/15,0,0,0,71,56,4.9
GHCND:USW00094728,NY CITY CENTRAL PARK NY US,9/28/15,0,0,0,78,65,3.4
GHCND:USW00094728,NY CITY CENTRAL PARK NY US,9/29/15,0.11,0,0,83,72,2.7
GHCND:USW00094728,NY CITY CENTRAL PARK NY US,9/30/15,1.26,0,0,79,59,8.3
GHCND:USW00094728,NY CITY CENTRAL PARK NY US,10/1/15,0.09,0,0,64,56,8.7
GHCND:USW00094728,NY CITY CENTRAL PARK NY US,10/2/15,1.08,0,0,57,48,12.5
GHCND:USW00094728,NY CITY CENTRAL PARK NY US,10/3/15,0.35,0,0,55,49,11.4
GHCND:USW00094728,NY CITY CENTRAL PARK NY US,10/4/15,0,0,0,63,53,10.7
GHCND:USW00094728,NY CITY CENTRAL PARK NY US,10/5/15,0,0,0,67,52,6.3
GHCND:USW00094728,NY CITY CENTRAL PARK NY US,10/6/15,0,0,0,73,52,1.6
GHCND:USW00094728,NY CITY CENTRAL PARK NY US,10/7/15,0,0,0,73,58,2.9
GHCND:USW00094728,NY CITY CENTRAL PARK NY US,10/8/15,0,0,0,72,59,3.4
GHCND:USW00094728,NY CITY CENTRAL PARK NY US,10/9/15,0.89,0,0,78,61,4
GHCND:USW00094728,NY CITY CENTRAL PARK NY US,10/10/15,0,0,0,65,50,2.5
GHCND:USW00094728,NY CITY CENTRAL PARK NY US,10/11/15,0,0,0,69,53,3.8
GHCND:USW00094728,NY CITY CENTRAL PARK NY US,10/12/15,0,0,0,77,56,3.8
GHCND:USW00094728,NY CITY CENTRAL PARK NY US,10/13/15,0.01,0,0,72,61,3.6
GHCND:USW00094728,NY CITY CENTRAL PARK NY US,10/14/15,0,0,0,69,57,3.8
GHCND:USW00094728,NY CITY CENTRAL PARK NY US,10/15/15,0,0,0,64,51,4
GHCND:USW00094728,NY CITY CENTRAL PARK NY US,10/16/15,0,0,0,64,53,5.4
GHCND:USW00094728,NY CITY CENTRAL PARK NY US,10/17/15,0,0,0,56,42,5.8
GHCND:USW00094728,NY CITY CENTRAL PARK NY US,10/18/15,0,0,0,50,38,4.9
GHCND:USW00094728,NY CITY CENTRAL PARK NY US,10/19/15,0,0,0,53,35,3.8
GHCND:USW00094728,NY CITY CENTRAL PARK NY US,10/20/15,0,0,0,70,48,6
GHCND:USW00094728,NY CITY CENTRAL PARK NY US,10/21/15,0,0,0,76,57,2.2
GHCND:USW00094728,NY CITY CENTRAL PARK NY US,10/22/15,0,0,0,75,58,4.7
GHCND:USW00094728,NY CITY CENTRAL PARK NY US,10/23/15,0,0,0,65,45,6.7
GHCND:USW00094728,NY CITY CENTRAL PARK NY US,10/24/15,0,0,0,57,40,4
GHCND:USW00094728,NY CITY CENTRAL PARK NY US,10/25/15,0.05,0,0,68,48,4.9
GHCND:USW00094728,NY CITY CENTRAL PARK NY US,10/26/15,0,0,0,58,46,3.8
GHCND:USW00094728,NY CITY CENTRAL PARK NY US,10/27/15,0,0,0,59,45,4.5
GHCND:USW00094728,NY CITY CENTRAL PARK NY US,10/28/15,1.4,0,0,69,53,6.7
GHCND:USW00094728,NY CITY CENTRAL PARK NY US,10/29/15,0.04,0,0,73,57,6.5
GHCND:USW00094728,NY CITY CENTRAL PARK NY US,10/30/15,0,0,0,61,48,5.8
GHCND:USW00094728,NY CITY CENTRAL PARK NY US,10/31/15,0,0,0,56,42,2.9
GHCND:USW00094728,NY CITY CENTRAL PARK NY US,11/1/15,0,0,0,65,54,4.9
GHCND:USW00094728,NY CITY CENTRAL PARK NY US,11/2/15,0,0,0,63,54,2
GHCND:USW00094728,NY CITY CENTRAL PARK NY US,11/3/15,0,0,0,72,48,2.5
GHCND:USW00094728,NY CITY CENTRAL PARK NY US,11/4/15,0,0,0,70,56,2.5
GHCND:USW00094728,NY CITY CENTRAL PARK NY US,11/5/15,0.01,0,0,71,56,2
GHCND:USW00094728,NY CITY CENTRAL PARK NY US,11/6/15,0,0,0,74,66,4.7
GHCND:USW00094728,NY CITY CENTRAL PARK NY US,11/7/15,0,0,0,72,53,4.5
GHCND:USW00094728,NY CITY CENTRAL PARK NY US,11/8/15,0,0,0,56,46,3.6
GHCND:USW00094728,NY CITY CENTRAL PARK NY US,11/9/15,0,0,0,59,43,2
GHCND:USW00094728,NY CITY CENTRAL PARK NY US,11/10/15,0.26,0,0,57,51,9.8
GHCND:USW00094728,NY CITY CENTRAL PARK NY US,11/11/15,0.43,0,0,58,49,4.9
GHCND:USW00094728,NY CITY CENTRAL PARK NY US,11/12/15,0.01,0,0,61,51,5.6
GHCND:USW00094728,NY CITY CENTRAL PARK NY US,11/13/15,0,0,0,58,46,10.7
GHCND:USW00094728,NY CITY CENTRAL PARK NY US,11/14/15,0,0,0,49,42,7.8
GHCND:USW00094728,NY CITY CENTRAL PARK NY US,11/15/15,0,0,0,58,39,4.7
GHCND:USW00094728,NY CITY CENTRAL PARK NY US,11/16/15,0,0,0,67,51,4
GHCND:USW00094728,NY CITY CENTRAL PARK NY US,11/17/15,0,0,0,52,40,6.3
GHCND:USW00094728,NY CITY CENTRAL PARK NY US,11/18/15,0,0,0,58,46,5.1
GHCND:USW00094728,NY CITY CENTRAL PARK NY US,11/19/15,1.25,0,0,64,57,5.6
GHCND:USW00094728,NY CITY CENTRAL PARK NY US,11/20/15,0,0,0,64,46,5.8
GHCND:USW00094728,NY CITY CENTRAL PARK NY US,11/21/15,0,0,0,53,42,6.5
GHCND:USW00094728,NY CITY CENTRAL PARK NY US,11/22/15,0.03,0,0,55,42,6.3
GHCND:USW00094728,NY CITY CENTRAL PARK NY US,11/23/15,0,0,0,44,33,5.8
GHCND:USW00094728,NY CITY CENTRAL PARK NY US,11/24/15,0,0,0,46,32,3.8
GHCND:USW00094728,NY CITY CENTRAL PARK NY US,11/25/15,0,0,0,50,36,2.7
GHCND:USW00094728,NY CITY CENTRAL PARK NY US,11/26/15,0,0,0,60,41,2.9
GHCND:USW00094728,NY CITY CENTRAL PARK NY US,11/27/15,0,0,0,64,51,3.8
GHCND:USW00094728,NY CITY CENTRAL PARK NY US,11/28/15,0.02,0,0,64,45,3.2
GHCND:USW00094728,NY CITY CENTRAL PARK NY US,11/29/15,0,0,0,49,38,4.1
GHCND:USW00094728,NY CITY CENTRAL PARK NY US,11/30/15,0,0,0,47,33,5.6
GHCND:USW00094728,NY CITY CENTRAL PARK NY US,12/1/15,0.33,0,0,51,44,6.7
GHCND:USW00094728,NY CITY CENTRAL PARK NY US,12/2/15,0.14,0,0,57,46,2.9
GHCND:USW00094728,NY CITY CENTRAL PARK NY US,12/3/15,0,0,0,55,44,8.5
GHCND:USW00094728,NY CITY CENTRAL PARK NY US,12/4/15,0,0,0,51,42,4.3
GHCND:USW00094728,NY CITY CENTRAL PARK NY US,12/5/15,0,0,0,51,40,2.2
GHCND:USW00094728,NY CITY CENTRAL PARK NY US,12/6/15,0,0,0,53,39,3.4
GHCND:USW00094728,NY CITY CENTRAL PARK NY US,12/7/15,0,0,0,54,42,3.8
GHCND:USW00094728,NY CITY CENTRAL PARK NY US,12/8/15,0,0,0,49,41,4.5
GHCND:USW00094728,NY CITY CENTRAL PARK NY US,12/9/15,0,0,0,55,40,4.3
GHCND:USW00094728,NY CITY CENTRAL PARK NY US,12/10/15,0,0,0,60,51,4.3
GHCND:USW00094728,NY CITY CENTRAL PARK NY US,12/11/15,0,0,0,61,50,4.7
GHCND:USW00094728,NY CITY CENTRAL PARK NY US,12/12/15,0,0,0,66,55,2
GHCND:USW00094728,NY CITY CENTRAL PARK NY US,12/13/15,0,0,0,67,55,3.4
GHCND:USW00094728,NY CITY CENTRAL PARK NY US,12/14/15,0.33,0,0,67,53,4.7
GHCND:USW00094728,NY CITY CENTRAL PARK NY US,12/15/15,0.09,0,0,68,53,10.5
GHCND:USW00094728,NY CITY CENTRAL PARK NY US,12/16/15,0.04,0,0,53,46,5.4
GHCND:USW00094728,NY CITY CENTRAL PARK NY US,12/17/15,1.21,0,0,59,50,4.9
GHCND:USW00094728,NY CITY CENTRAL PARK NY US,12/18/15,0,0,0,57,38,6.7
GHCND:USW00094728,NY CITY CENTRAL PARK NY US,12/19/15,0,0,0,40,35,9.4
GHCND:USW00094728,NY CITY CENTRAL PARK NY US,12/20/15,0,0,0,43,34,6
GHCND:USW00094728,NY CITY CENTRAL PARK NY US,12/21/15,0,0,0,56,39,7.2
GHCND:USW00094728,NY CITY CENTRAL PARK NY US,12/22/15,0.19,0,0,62,53,4.9
GHCND:USW00094728,NY CITY CENTRAL PARK NY US,12/23/15,1.55,0,0,64,52,3.6
GHCND:USW00094728,NY CITY CENTRAL PARK NY US,12/24/15,0.01,0,0,72,63,4.5
GHCND:USW00094728,NY CITY CENTRAL PARK NY US,12/25/15,0.01,0,0,66,57,0.9
GHCND:USW00094728,NY CITY CENTRAL PARK NY US,12/26/15,0,0,0,59,47,8.1
GHCND:USW00094728,NY CITY CENTRAL PARK NY US,12/27/15,0.12,0,0,61,46,5.8
GHCND:USW00094728,NY CITY CENTRAL PARK NY US,12/28/15,0.03,0,0,46,34,8.3
GHCND:USW00094728,NY CITY CENTRAL PARK NY US,12/29/15,0.45,0,0,46,34,6.9
GHCND:USW00094728,NY CITY CENTRAL PARK NY US,12/30/15,0.19,0,0,48,38,4
GHCND:USW00094728,NY CITY CENTRAL PARK NY US,12/31/15,0.03,0,0,48,42,5.4
GHCND:USW00094728,NY CITY CENTRAL PARK NY US,1/1/16,0,0,0,42,34,7.6
GHCND:USW00094728,NY CITY CENTRAL PARK NY US,1/2/16,0,0,0,40,32,6.7
GHCND:USW00094728,NY CITY CENTRAL PARK NY US,1/3/16,0,0,0,45,35,7.8
GHCND:USW00094728,NY CITY CENTRAL PARK NY US,1/4/16,0,0,0,36,14,8.5
GHCND:USW00094728,NY CITY CENTRAL PARK NY US,1/5/16,0,0,0,29,11,5.1
GHCND:USW00094728,NY CITY CENTRAL PARK NY US,1/6/16,0,0,0,41,25,3.6
GHCND:USW00094728,NY CITY CENTRAL PARK NY US,1/7/16,0,0,0,46,31,2.5
GHCND:USW00094728,NY CITY CENTRAL PARK NY US,1/8/16,0,0,0,46,31,4.3
GHCND:USW00094728,NY CITY CENTRAL PARK NY US,1/9/16,0,0,0,47,40,8.1
GHCND:USW00094728,NY CITY CENTRAL PARK NY US,1/10/16,1.8,0,0,59,40,9.8
GHCND:USW00094728,NY CITY CENTRAL PARK NY US,1/11/16,0,0,0,40,26,10.5
GHCND:USW00094728,NY CITY CENTRAL PARK NY US,1/12/16,0,0,0,44,25,6
GHCND:USW00094728,NY CITY CENTRAL PARK NY US,1/13/16,0,0,0,30,22,9.8
GHCND:USW00094728,NY CITY CENTRAL PARK NY US,1/14/16,0,0,0,38,22,4.9
GHCND:USW00094728,NY CITY CENTRAL PARK NY US,1/15/16,0,0,0,51,34,5.1
GHCND:USW00094728,NY CITY CENTRAL PARK NY US,1/16/16,0.24,0,0,52,42,6.7
GHCND:USW00094728,NY CITY CENTRAL PARK NY US,1/17/16,0.05,0,0.4,42,30,5.6
GHCND:USW00094728,NY CITY CENTRAL PARK NY US,1/18/16,0,0,0,31,18,11.9
GHCND:USW00094728,NY CITY CENTRAL PARK NY US,1/19/16,0,0,0,28,16,11
GHCND:USW00094728,NY CITY CENTRAL PARK NY US,1/20/16,0,0,0,37,27,5.6
GHCND:USW00094728,NY CITY CENTRAL PARK NY US,1/21/16,0,0,0,36,26,6
GHCND:USW00094728,NY CITY CENTRAL PARK NY US,1/22/16,0.01,0,0.2,30,21,6.5
GHCND:USW00094728,NY CITY CENTRAL PARK NY US,1/23/16,2.31,5.9,27.3,27,24,15.7
GHCND:USW00094728,NY CITY CENTRAL PARK NY US,1/24/16,0,22,0,35,20,5.8
GHCND:USW00094728,NY CITY CENTRAL PARK NY US,1/25/16,0,18.9,0,39,28,3.4
GHCND:USW00094728,NY CITY CENTRAL PARK NY US,1/26/16,0,16.9,0,48,38,6.5
GHCND:USW00094728,NY CITY CENTRAL PARK NY US,1/27/16,0,9.1,0,47,34,6.7
GHCND:USW00094728,NY CITY CENTRAL PARK NY US,1/28/16,0,5.9,0,42,32,4.5
GHCND:USW00094728,NY CITY CENTRAL PARK NY US,1/29/16,0,5.9,0,41,30,7.8
GHCND:USW00094728,NY CITY CENTRAL PARK NY US,1/30/16,0,5.9,0,39,28,6.9
GHCND:USW00094728,NY CITY CENTRAL PARK NY US,1/31/16,0,3.9,0,56,36,5.1
GHCND:USW00094728,NY CITY CENTRAL PARK NY US,2/1/16,0.01,2,0,59,44,5.8
GHCND:USW00094728,NY CITY CENTRAL PARK NY US,2/2/16,0,0,0,50,38,3.6
GHCND:USW00094728,NY CITY CENTRAL PARK NY US,2/3/16,0.73,0,0,59,42,6.5
GHCND:USW00094728,NY CITY CENTRAL PARK NY US,2/4/16,0,0,0,59,44,5.8
GHCND:USW00094728,NY CITY CENTRAL PARK NY US,2/5/16,0.53,1.2,2.5,44,31,8.3
GHCND:USW00094728,NY CITY CENTRAL PARK NY US,2/6/16,0,0,0,40,30,5.6
GHCND:USW00094728,NY CITY CENTRAL PARK NY US,2/7/16,0,0,0,47,33,5.4
GHCND:USW00094728,NY CITY CENTRAL PARK NY US,2/8/16,0.05,0,0.1,39,28,10.5
GHCND:USW00094728,NY CITY CENTRAL PARK NY US,2/9/16,0,0,0,36,27,4
GHCND:USW00094728,NY CITY CENTRAL PARK NY US,2/10/16,0.01,0,0,39,31,5.8
GHCND:USW00094728,NY CITY CENTRAL PARK NY US,2/11/16,0,0,0,31,18,10.1
GHCND:USW00094728,NY CITY CENTRAL PARK NY US,2/12/16,0,0,0,27,15,6.7
GHCND:USW00094728,NY CITY CENTRAL PARK NY US,2/13/16,0,0,0,22,6,12.3
GHCND:USW00094728,NY CITY CENTRAL PARK NY US,2/14/16,0,0,0,15,-1,6.3
GHCND:USW00094728,NY CITY CENTRAL PARK NY US,2/15/16,0.44,0,1.4,35,13,5.4
GHCND:USW00094728,NY CITY CENTRAL PARK NY US,2/16/16,1.01,0,0,54,35,7.8
GHCND:USW00094728,NY CITY CENTRAL PARK NY US,2/17/16,0,0,0,39,35,7.4
GHCND:USW00094728,NY CITY CENTRAL PARK NY US,2/18/16,0,0,0,36,27,7.2
GHCND:USW00094728,NY CITY CENTRAL PARK NY US,2/19/16,0,0,0,39,24,5.4
GHCND:USW00094728,NY CITY CENTRAL PARK NY US,2/20/16,0,0,0,61,39,7.4
GHCND:USW00094728,NY CITY CENTRAL PARK NY US,2/21/16,0.03,0,0,55,44,4.9
GHCND:USW00094728,NY CITY CENTRAL PARK NY US,2/22/16,0,0,0,52,38,5.1
GHCND:USW00094728,NY CITY CENTRAL PARK NY US,2/23/16,0.3,0,0,40,35,14.5
GHCND:USW00094728,NY CITY CENTRAL PARK NY US,2/24/16,1.22,0,0,60,36,10.5
GHCND:USW00094728,NY CITY CENTRAL PARK NY US,2/25/16,0.02,0,0,61,37,8.9
GHCND:USW00094728,NY CITY CENTRAL PARK NY US,2/26/16,0,0,0,39,27,8.7
GHCND:USW00094728,NY CITY CENTRAL PARK NY US,2/27/16,0,0,0,41,26,6
GHCND:USW00094728,NY CITY CENTRAL PARK NY US,2/28/16,0,0,0,60,38,7.4
GHCND:USW00094728,NY CITY CENTRAL PARK NY US,2/29/16,0.05,0,0,61,47,8.5
GHCND:USW00094728,NY CITY CENTRAL PARK NY US,3/1/16,0,0,0,52,39,7.6
GHCND:USW00094728,NY CITY CENTRAL PARK NY US,3/2/16,0.14,0,0,55,29,10.5
GHCND:USW00094728,NY CITY CENTRAL PARK NY US,3/3/16,0,0,0,36,26,5.8
GHCND:USW00094728,NY CITY CENTRAL PARK NY US,3/4/16,0.11,0,0.4,39,30,8.7
GHCND:USW00094728,NY CITY CENTRAL PARK NY US,3/5/16,0,0,0,41,28,4.3
GHCND:USW00094728,NY CITY CENTRAL PARK NY US,3/6/16,0,0,0,44,32,3.4
GHCND:USW00094728,NY CITY CENTRAL PARK NY US,3/7/16,0,0,0,60,36,7.8
GHCND:USW00094728,NY CITY CENTRAL PARK NY US,3/8/16,0,0,0,67,47,3.4
GHCND:USW00094728,NY CITY CENTRAL PARK NY US,3/9/16,0,0,0,77,44,2.2
GHCND:USW00094728,NY CITY CENTRAL PARK NY US,3/10/16,0,0,0,79,63,4.9
GHCND:USW00094728,NY CITY CENTRAL PARK NY US,3/11/16,0.06,0,0,68,48,6
GHCND:USW00094728,NY CITY CENTRAL PARK NY US,3/12/16,0,0,0,59,40,5.1
GHCND:USW00094728,NY CITY CENTRAL PARK NY US,3/13/16,0,0,0,62,50,3.6
GHCND:USW00094728,NY CITY CENTRAL PARK NY US,3/14/16,0.29,0,0,51,40,14.1
GHCND:USW00094728,NY CITY CENTRAL PARK NY US,3/15/16,0,0,0,57,44,5.4
GHCND:USW00094728,NY CITY CENTRAL PARK NY US,3/16/16,0.02,0,0,65,48,3.6
GHCND:USW00094728,NY CITY CENTRAL PARK NY US,3/17/16,0,0,0,63,45,4.9
GHCND:USW00094728,NY CITY CENTRAL PARK NY US,3/18/16,0,0,0,57,42,8.7
GHCND:USW00094728,NY CITY CENTRAL PARK NY US,3/19/16,0,0,0,46,36,5.1
GHCND:USW00094728,NY CITY CENTRAL PARK NY US,3/20/16,0.07,0,0,43,32,9.6
GHCND:USW00094728,NY CITY CENTRAL PARK NY US,3/21/16,0.06,0,0.5,50,32,8.1
GHCND:USW00094728,NY CITY CENTRAL PARK NY US,3/22/16,0,0,0,56,35,6.9
GHCND:USW00094728,NY CITY CENTRAL PARK NY US,3/23/16,0,0,0,71,48,6
GHCND:USW00094728,NY CITY CENTRAL PARK NY US,3/24/16,0,0,0,55,44,9.2
GHCND:USW00094728,NY CITY CENTRAL PARK NY US,3/25/16,0.04,0,0,72,44,3.8
GHCND:USW00094728,NY CITY CENTRAL PARK NY US,3/26/16,0,0,0,55,38,6.5
GHCND:USW00094728,NY CITY CENTRAL PARK NY US,3/27/16,0,0,0,55,43,5.6
GHCND:USW00094728,NY CITY CENTRAL PARK NY US,3/28/16,0.38,0,0,62,42,10.1
GHCND:USW00094728,NY CITY CENTRAL PARK NY US,3/29/16,0,0,0,53,40,11.6
GHCND:USW00094728,NY CITY CENTRAL PARK NY US,3/30/16,0,0,0,56,37,5.4
GHCND:USW00094728,NY CITY CENTRAL PARK NY US,3/31/16,0,0,0,73,49,6.7
GHCND:USW00094728,NY CITY CENTRAL PARK NY US,4/1/16,0.02,0,0,79,61,6.7
GHCND:USW00094728,NY CITY CENTRAL PARK NY US,4/2/16,0.16,0,0,61,49,4.9
GHCND:USW00094728,NY CITY CENTRAL PARK NY US,4/3/16,0.09,0,0,50,34,12.8
GHCND:USW00094728,NY CITY CENTRAL PARK NY US,4/4/16,0.47,0,0,45,29,7.2
GHCND:USW00094728,NY CITY CENTRAL PARK NY US,4/5/16,0,0,0,43,26,8.3
GHCND:USW00094728,NY CITY CENTRAL PARK NY US,4/6/16,0,0,0,48,30,6
GHCND:USW00094728,NY CITY CENTRAL PARK NY US,4/7/16,0.09,0,0,58,48,6.9
GHCND:USW00094728,NY CITY CENTRAL PARK NY US,4/8/16,0.01,0,0,50,40,7.2
GHCND:USW00094728,NY CITY CENTRAL PARK NY US,4/9/16,0.11,0,0,43,36,6.5
GHCND:USW00094728,NY CITY CENTRAL PARK NY US,4/10/16,0,0,0,50,31,4.9
GHCND:USW00094728,NY CITY CENTRAL PARK NY US,4/11/16,0.01,0,0,65,43,6.9
GHCND:USW00094728,NY CITY CENTRAL PARK NY US,4/12/16,0.2,0,0,59,45,5.8
GHCND:USW00094728,NY CITY CENTRAL PARK NY US,4/13/16,0,0,0,58,40,4.5
GHCND:USW00094728,NY CITY CENTRAL PARK NY US,4/14/16,0,0,0,62,43,6.5
GHCND:USW00094728,NY CITY CENTRAL PARK NY US,4/15/16,0,0,0,65,42,3.8
GHCND:USW00094728,NY CITY CENTRAL PARK NY US,4/16/16,0,0,0,68,43,4.9
GHCND:USW00094728,NY CITY CENTRAL PARK NY US,4/17/16,0,0,0,75,44,2.9
GHCND:USW00094728,NY CITY CENTRAL PARK NY US,4/18/16,0,0,0,82,51,3.8
GHCND:USW00094728,NY CITY CENTRAL PARK NY US,4/19/16,0,0,0,73,55,7.6
GHCND:USW00094728,NY CITY CENTRAL PARK NY US,4/20/16,0,0,0,69,49,6
GHCND:USW00094728,NY CITY CENTRAL PARK NY US,4/21/16,0,0,0,73,49,5.6
GHCND:USW00094728,NY CITY CENTRAL PARK NY US,4/22/16,0,0,0,79,62,4.3
GHCND:USW00094728,NY CITY CENTRAL PARK NY US,4/23/16,0.16,0,0,71,54,7.2
GHCND:USW00094728,NY CITY CENTRAL PARK NY US,4/24/16,0,0,0,68,47,5.8
GHCND:USW00094728,NY CITY CENTRAL PARK NY US,4/25/16,0,0,0,69,50,4
GHCND:USW00094728,NY CITY CENTRAL PARK NY US,4/26/16,0.24,0,0,60,47,7.2
GHCND:USW00094728,NY CITY CENTRAL PARK NY US,4/27/16,0,0,0,62,46,4.3
GHCND:USW00094728,NY CITY CENTRAL PARK NY US,4/28/16,0,0,0,59,48,4.7
GHCND:USW00094728,NY CITY CENTRAL PARK NY US,4/29/16,0.05,0,0,58,45,5.8
GHCND:USW00094728,NY CITY CENTRAL PARK NY US,4/30/16,0,0,0,65,46,5.8
GHCND:USW00094728,NY CITY CENTRAL PARK NY US,5/1/16,0.16,0,0,51,45,4.9
GHCND:USW00094728,NY CITY CENTRAL PARK NY US,5/2/16,0.04,0,0,60,45,2.2
GHCND:USW00094728,NY CITY CENTRAL PARK NY US,5/3/16,0.61,0,0,56,51,6
GHCND:USW00094728,NY CITY CENTRAL PARK NY US,5/4/16,0.01,0,0,52,48,8.7
GHCND:USW00094728,NY CITY CENTRAL PARK NY US,5/5/16,0,0,0,57,46,8.3
GHCND:USW00094728,NY CITY CENTRAL PARK NY US,5/6/16,0.54,0,0,54,48,7.8
GHCND:USW00094728,NY CITY CENTRAL PARK NY US,5/7/16,0,0,0,60,48,4.5
GHCND:USW00094728,NY CITY CENTRAL PARK NY US,5/8/16,0.16,0,0,66,49,4.7
GHCND:USW00094728,NY CITY CENTRAL PARK NY US,5/9/16,0,0,0,72,52,5.1
GHCND:USW00094728,NY CITY CENTRAL PARK NY US,5/10/16,0,0,0,63,50,4.9
GHCND:USW00094728,NY CITY CENTRAL PARK NY US,5/11/16,0,0,0,76,50,2.5
GHCND:USW00094728,NY CITY CENTRAL PARK NY US,5/12/16,0,0,0,80,56,3.4
GHCND:USW00094728,NY CITY CENTRAL PARK NY US,5/13/16,0.25,0,0,65,57,3.2
GHCND:USW00094728,NY CITY CENTRAL PARK NY US,5/14/16,0,0,0,73,56,2.7
GHCND:USW00094728,NY CITY CENTRAL PARK NY US,5/15/16,0,0,0,59,46,2
GHCND:USW00094728,NY CITY CENTRAL PARK NY US,5/16/16,0,0,0,66,43,3.3
GHCND:USW00094728,NY CITY CENTRAL PARK NY US,5/17/16,0,0,0,64,52,3.8
GHCND:USW00094728,NY CITY CENTRAL PARK NY US,5/18/16,0,0,0,68,52,1.5
GHCND:USW00094728,NY CITY CENTRAL PARK NY US,5/19/16,0,0,0,73,54,1.3
GHCND:USW00094728,NY CITY CENTRAL PARK NY US,5/20/16,0,0,0,76,53,4.5
GHCND:USW00094728,NY CITY CENTRAL PARK NY US,5/21/16,0.04,0,0,66,54,3.8
GHCND:USW00094728,NY CITY CENTRAL PARK NY US,5/22/16,0.09,0,0,70,52,3.6
GHCND:USW00094728,NY CITY CENTRAL PARK NY US,5/23/16,0.02,0,0,78,56,2.5
GHCND:USW00094728,NY CITY CENTRAL PARK NY US,5/24/16,0.18,0,0,73,58,2
GHCND:USW00094728,NY CITY CENTRAL PARK NY US,5/25/16,0,0,0,88,61,4.3
GHCND:USW00094728,NY CITY CENTRAL PARK NY US,5/26/16,0,0,0,90,69,3.6
GHCND:USW00094728,NY CITY CENTRAL PARK NY US,5/27/16,0,0,0,87,73,3.8
GHCND:USW00094728,NY CITY CENTRAL PARK NY US,5/28/16,0,0,0,92,71,4.5
GHCND:USW00094728,NY CITY CENTRAL PARK NY US,5/29/16,0,0,0,87,70,4.9
GHCND:USW00094728,NY CITY CENTRAL PARK NY US,5/30/16,1.65,0,0,82,68,3.1
GHCND:USW00094728,NY CITY CENTRAL PARK NY US,5/31/16,0,0,0,85,71,3.1
GHCND:USW00094728,NY CITY CENTRAL PARK NY US,6/1/16,0,0,0,83,66,6
GHCND:USW00094728,NY CITY CENTRAL PARK NY US,6/2/16,0,0,0,78,62,4.7
GHCND:USW00094728,NY CITY CENTRAL PARK NY US,6/3/16,0.04,0,0,70,63,1.3
GHCND:USW00094728,NY CITY CENTRAL PARK NY US,6/4/16,0.4,0,0,83,66,2.5
GHCND:USW00094728,NY CITY CENTRAL PARK NY US,6/5/16,0.91,0,0,71,65,3.4
GHCND:USW00094728,NY CITY CENTRAL PARK NY US,6/6/16,0,0,0,83,65,5.6
GHCND:USW00094728,NY CITY CENTRAL PARK NY US,6/7/16,0,0,0,85,64,5.1
GHCND:USW00094728,NY CITY CENTRAL PARK NY US,6/8/16,0.45,0,0,67,52,7.6
GHCND:USW00094728,NY CITY CENTRAL PARK NY US,6/9/16,0,0,0,71,54,8.9
GHCND:USW00094728,NY CITY CENTRAL PARK NY US,6/10/16,0,0,0,77,57,5.4
GHCND:USW00094728,NY CITY CENTRAL PARK NY US,6/11/16,0,0,0,88,59,3.4
GHCND:USW00094728,NY CITY CENTRAL PARK NY US,6/12/16,0,0,0,83,62,8.1
GHCND:USW00094728,NY CITY CENTRAL PARK NY US,6/13/16,0,0,0,74,57,7.4
GHCND:USW00094728,NY CITY CENTRAL PARK NY US,6/14/16,0,0,0,79,58,4.3
GHCND:USW00094728,NY CITY CENTRAL PARK NY US,6/15/16,0,0,0,85,62,2.5
GHCND:USW00094728,NY CITY CENTRAL PARK NY US,6/16/16,0.22,0,0,74,65,1.8
GHCND:USW00094728,NY CITY CENTRAL PARK NY US,6/17/16,0,0,0,78,63,4.7
GHCND:USW00094728,NY CITY CENTRAL PARK NY US,6/18/16,0,0,0,87,61,2.7
GHCND:USW00094728,NY CITY CENTRAL PARK NY US,6/19/16,0,0,0,88,66,2.9
GHCND:USW00094728,NY CITY CENTRAL PARK NY US,6/20/16,0,0,0,84,64,3.1
GHCND:USW00094728,NY CITY CENTRAL PARK NY US,6/21/16,0,0,0,87,72,4.9
GHCND:USW00094728,NY CITY CENTRAL PARK NY US,6/22/16,0,0,0,86,68,4
GHCND:USW00094728,NY CITY CENTRAL PARK NY US,6/23/16,0,0,0,83,69,2
GHCND:USW00094728,NY CITY CENTRAL PARK NY US,6/24/16,0,0,0,84,67,6.3
GHCND:USW00094728,NY CITY CENTRAL PARK NY US,6/25/16,0,0,0,86,64,3.6
GHCND:USW00094728,NY CITY CENTRAL PARK NY US,6/26/16,0,0,0,87,67,2.5
GHCND:USW00094728,NY CITY CENTRAL PARK NY US,6/27/16,0.45,0,0,83,67,4.9
GHCND:USW00094728,NY CITY CENTRAL PARK NY US,6/28/16,0.12,0,0,76,68,3.6
GHCND:USW00094728,NY CITY CENTRAL PARK NY US,6/29/16,0.01,0,0,83,67,2.2
GHCND:USW00094728,NY CITY CENTRAL PARK NY US,6/30/16,0,0,0,85,67,2.9